ep,reward,win
0,-200.0,False
1,-200.0,False
2,-200.0,False
3,-200.0,False
4,-200.0,False
5,-200.0,False
6,-200.0,False
7,-200.0,False
8,-200.0,False
9,-200.0,False
10,-200.0,False
11,-200.0,False
12,-200.0,False
13,-200.0,False
14,-200.0,False
15,-200.0,False
16,-200.0,False
17,-200.0,False
18,-200.0,False
19,-200.0,False
20,-200.0,False
21,-200.0,False
22,-200.0,False
23,-200.0,False
24,-200.0,False
25,-200.0,False
26,-200.0,False
27,-200.0,False
28,-200.0,False
29,-200.0,False
30,-200.0,False
31,-200.0,False
32,-200.0,False
33,-200.0,False
34,-200.0,False
35,-200.0,False
36,-200.0,False
37,-200.0,False
38,-200.0,False
39,-200.0,False
40,-200.0,False
41,-200.0,False
42,-200.0,False
43,-200.0,False
44,-200.0,False
45,-200.0,False
46,-200.0,False
47,-200.0,False
48,-200.0,False
49,-200.0,False
50,-200.0,False
51,-200.0,False
52,-200.0,False
53,-200.0,False
54,-200.0,False
55,-200.0,False
56,-200.0,False
57,-200.0,False
58,-200.0,False
59,-200.0,False
60,-200.0,False
61,-200.0,False
62,-200.0,False
63,-200.0,False
64,-200.0,False
65,-200.0,False
66,-200.0,False
67,-200.0,False
68,-200.0,False
69,-200.0,False
70,-200.0,False
71,-200.0,False
72,-200.0,False
73,-200.0,False
74,-200.0,False
75,-200.0,False
76,-200.0,False
77,-200.0,False
78,-200.0,False
79,-200.0,False
80,-200.0,False
81,-200.0,False
82,-200.0,False
83,-200.0,False
84,-200.0,False
85,-200.0,False
86,-200.0,False
87,-200.0,False
88,-200.0,False
89,-200.0,False
90,-200.0,False
91,-200.0,False
92,-200.0,False
93,-200.0,False
94,-200.0,False
95,-200.0,False
96,-200.0,False
97,-200.0,False
98,-200.0,False
99,-200.0,False
100,-200.0,False
101,-200.0,False
102,-200.0,False
103,-200.0,False
104,-200.0,False
105,-200.0,False
106,-200.0,False
107,-200.0,False
108,-200.0,False
109,-200.0,False
110,-200.0,False
111,-200.0,False
112,-200.0,False
113,-200.0,False
114,-200.0,False
115,-200.0,False
116,-200.0,False
117,-200.0,False
118,-200.0,False
119,-200.0,False
120,-200.0,False
121,-200.0,False
122,-200.0,False
123,-200.0,False
124,-200.0,False
125,-200.0,False
126,-200.0,False
127,-200.0,False
128,-200.0,False
129,-200.0,False
130,-200.0,False
131,-200.0,False
132,-200.0,False
133,-200.0,False
134,-200.0,False
135,-200.0,False
136,-200.0,False
137,-200.0,False
138,-200.0,False
139,-200.0,False
140,-200.0,False
141,-200.0,False
142,-200.0,False
143,-200.0,False
144,-200.0,False
145,-200.0,False
146,-200.0,False
147,-200.0,False
148,-200.0,False
149,-200.0,False
150,-200.0,False
151,-200.0,False
152,-200.0,False
153,-200.0,False
154,-200.0,False
155,-200.0,False
156,-200.0,False
157,-200.0,False
158,-200.0,False
159,-200.0,False
160,-200.0,False
161,-200.0,False
162,-200.0,False
163,-200.0,False
164,-200.0,False
165,-200.0,False
166,-200.0,False
167,-200.0,False
168,-200.0,False
169,-200.0,False
170,-200.0,False
171,-200.0,False
172,-200.0,False
173,-200.0,False
174,-200.0,False
175,-200.0,False
176,-200.0,False
177,-200.0,False
178,-200.0,False
179,-200.0,False
180,-200.0,False
181,-200.0,False
182,-200.0,False
183,-200.0,False
184,-200.0,False
185,-200.0,False
186,-200.0,False
187,-200.0,False
188,-200.0,False
189,-200.0,False
190,-200.0,False
191,-200.0,False
192,-200.0,False
193,-200.0,False
194,-200.0,False
195,-200.0,False
196,-200.0,False
197,-200.0,False
198,-200.0,False
199,-200.0,False
200,-200.0,False
201,-200.0,False
202,-200.0,False
203,-200.0,False
204,-200.0,False
205,-200.0,False
206,-200.0,False
207,-200.0,False
208,-200.0,False
209,-200.0,False
210,-200.0,False
211,-200.0,False
212,-200.0,False
213,-200.0,False
214,-200.0,False
215,-200.0,False
216,-200.0,False
217,-200.0,False
218,-200.0,False
219,-200.0,False
220,-200.0,False
221,-200.0,False
222,-200.0,False
223,-200.0,False
224,-200.0,False
225,-200.0,False
226,-200.0,False
227,-200.0,False
228,-200.0,False
229,-200.0,False
230,-200.0,False
231,-200.0,False
232,-200.0,False
233,-200.0,False
234,-200.0,False
235,-200.0,False
236,-200.0,False
237,-200.0,False
238,-200.0,False
239,-200.0,False
240,-200.0,False
241,-200.0,False
242,-200.0,False
243,-200.0,False
244,-200.0,False
245,-200.0,False
246,-200.0,False
247,-200.0,False
248,-200.0,False
249,-200.0,False
250,-200.0,False
251,-200.0,False
252,-200.0,False
253,-200.0,False
254,-200.0,False
255,-200.0,False
256,-200.0,False
257,-200.0,False
258,-200.0,False
259,-200.0,False
260,-200.0,False
261,-200.0,False
262,-200.0,False
263,-200.0,False
264,-200.0,False
265,-200.0,False
266,-200.0,False
267,-200.0,False
268,-200.0,False
269,-200.0,False
270,-200.0,False
271,-200.0,False
272,-200.0,False
273,-200.0,False
274,-200.0,False
275,-200.0,False
276,-200.0,False
277,-200.0,False
278,-200.0,False
279,-200.0,False
280,-200.0,False
281,-200.0,False
282,-200.0,False
283,-200.0,False
284,-200.0,False
285,-200.0,False
286,-200.0,False
287,-200.0,False
288,-200.0,False
289,-200.0,False
290,-200.0,False
291,-200.0,False
292,-200.0,False
293,-200.0,False
294,-200.0,False
295,-200.0,False
296,-200.0,False
297,-200.0,False
298,-200.0,False
299,-200.0,False
300,-200.0,False
301,-200.0,False
302,-200.0,False
303,-200.0,False
304,-200.0,False
305,-200.0,False
306,-200.0,False
307,-200.0,False
308,-200.0,False
309,-200.0,False
310,-200.0,False
311,-200.0,False
312,-200.0,False
313,-200.0,False
314,-200.0,False
315,-200.0,False
316,-200.0,False
317,-200.0,False
318,-200.0,False
319,-200.0,False
320,-200.0,False
321,-200.0,False
322,-200.0,False
323,-200.0,False
324,-200.0,False
325,-200.0,False
326,-200.0,False
327,-200.0,False
328,-200.0,False
329,-200.0,False
330,-200.0,False
331,-200.0,False
332,-200.0,False
333,-200.0,False
334,-200.0,False
335,-200.0,False
336,-200.0,False
337,-200.0,False
338,-200.0,False
339,-200.0,False
340,-200.0,False
341,-200.0,False
342,-200.0,False
343,-200.0,False
344,-200.0,False
345,-200.0,False
346,-200.0,False
347,-200.0,False
348,-200.0,False
349,-200.0,False
350,-200.0,False
351,-200.0,False
352,-200.0,False
353,-200.0,False
354,-200.0,False
355,-200.0,False
356,-200.0,False
357,-200.0,False
358,-200.0,False
359,-200.0,False
360,-200.0,False
361,-200.0,False
362,-200.0,False
363,-200.0,False
364,-200.0,False
365,-200.0,False
366,-200.0,False
367,-200.0,False
368,-200.0,False
369,-200.0,False
370,-200.0,False
371,-200.0,False
372,-200.0,False
373,-200.0,False
374,-200.0,False
375,-200.0,False
376,-200.0,False
377,-200.0,False
378,-200.0,False
379,-200.0,False
380,-200.0,False
381,-200.0,False
382,-200.0,False
383,-200.0,False
384,-200.0,False
385,-200.0,False
386,-200.0,False
387,-200.0,False
388,-200.0,False
389,-200.0,False
390,-200.0,False
391,-200.0,False
392,-200.0,False
393,-200.0,False
394,-200.0,False
395,-200.0,False
396,-200.0,False
397,-200.0,False
398,-200.0,False
399,-200.0,False
400,-200.0,False
401,-200.0,False
402,-200.0,False
403,-200.0,False
404,-200.0,False
405,-200.0,False
406,-200.0,False
407,-200.0,False
408,-200.0,False
409,-200.0,False
410,-200.0,False
411,-200.0,False
412,-200.0,False
413,-200.0,False
414,-200.0,False
415,-200.0,False
416,-200.0,False
417,-200.0,False
418,-200.0,False
419,-200.0,False
420,-200.0,False
421,-200.0,False
422,-200.0,False
423,-200.0,False
424,-200.0,False
425,-200.0,False
426,-200.0,False
427,-200.0,False
428,-200.0,False
429,-200.0,False
430,-200.0,False
431,-200.0,False
432,-200.0,False
433,-200.0,False
434,-200.0,False
435,-200.0,False
436,-200.0,False
437,-200.0,False
438,-200.0,False
439,-200.0,False
440,-200.0,False
441,-200.0,False
442,-200.0,False
443,-200.0,False
444,-200.0,False
445,-200.0,False
446,-200.0,False
447,-200.0,False
448,-200.0,False
449,-200.0,False
450,-200.0,False
451,-200.0,False
452,-200.0,False
453,-200.0,False
454,-200.0,False
455,-200.0,False
456,-200.0,False
457,-200.0,False
458,-200.0,False
459,-200.0,False
460,-200.0,False
461,-200.0,False
462,-200.0,False
463,-200.0,False
464,-200.0,False
465,-200.0,False
466,-200.0,False
467,-200.0,False
468,-200.0,False
469,-200.0,False
470,-200.0,False
471,-200.0,False
472,-200.0,False
473,-200.0,False
474,-200.0,False
475,-200.0,False
476,-200.0,False
477,-200.0,False
478,-200.0,False
479,-200.0,False
480,-200.0,False
481,-200.0,False
482,-200.0,False
483,-200.0,False
484,-200.0,False
485,-200.0,False
486,-200.0,False
487,-200.0,False
488,-200.0,False
489,-200.0,False
490,-200.0,False
491,-200.0,False
492,-200.0,False
493,-200.0,False
494,-200.0,False
495,-200.0,False
496,-200.0,False
497,-200.0,False
498,-200.0,False
499,-200.0,False
500,-200.0,False
501,-200.0,False
502,-200.0,False
503,-200.0,False
504,-200.0,False
505,-200.0,False
506,-200.0,False
507,-200.0,False
508,-200.0,False
509,-200.0,False
510,-200.0,False
511,-200.0,False
512,-200.0,False
513,-200.0,False
514,-200.0,False
515,-200.0,False
516,-200.0,False
517,-200.0,False
518,-200.0,False
519,-200.0,False
520,-200.0,False
521,-200.0,False
522,-200.0,False
523,-200.0,False
524,-200.0,False
525,-200.0,False
526,-200.0,False
527,-200.0,False
528,-200.0,False
529,-200.0,False
530,-200.0,False
531,-200.0,False
532,-200.0,False
533,-200.0,False
534,-200.0,False
535,-200.0,False
536,-200.0,False
537,-200.0,False
538,-200.0,False
539,-200.0,False
540,-200.0,False
541,-200.0,False
542,-200.0,False
543,-200.0,False
544,-200.0,False
545,-200.0,False
546,-200.0,False
547,-200.0,False
548,-200.0,False
549,-200.0,False
550,-200.0,False
551,-200.0,False
552,-200.0,False
553,-200.0,False
554,-200.0,False
555,-200.0,False
556,-200.0,False
557,-200.0,False
558,-200.0,False
559,-200.0,False
560,-200.0,False
561,-200.0,False
562,-200.0,False
563,-200.0,False
564,-200.0,False
565,-200.0,False
566,-200.0,False
567,-200.0,False
568,-200.0,False
569,-200.0,False
570,-200.0,False
571,-200.0,False
572,-200.0,False
573,-200.0,False
574,-200.0,False
575,-200.0,False
576,-200.0,False
577,-200.0,False
578,-200.0,False
579,-200.0,False
580,-200.0,False
581,-200.0,False
582,-200.0,False
583,-200.0,False
584,-200.0,False
585,-200.0,False
586,-200.0,False
587,-200.0,False
588,-200.0,False
589,-200.0,False
590,-200.0,False
591,-200.0,False
592,-200.0,False
593,-200.0,False
594,-200.0,False
595,-200.0,False
596,-200.0,False
597,-200.0,False
598,-200.0,False
599,-200.0,False
600,-200.0,False
601,-200.0,False
602,-200.0,False
603,-200.0,False
604,-200.0,False
605,-200.0,False
606,-200.0,False
607,-200.0,False
608,-200.0,False
609,-200.0,False
610,-200.0,False
611,-200.0,False
612,-200.0,False
613,-200.0,False
614,-200.0,False
615,-200.0,False
616,-200.0,False
617,-200.0,False
618,-200.0,False
619,-200.0,False
620,-200.0,False
621,-200.0,False
622,-200.0,False
623,-200.0,False
624,-200.0,False
625,-200.0,False
626,-200.0,False
627,-200.0,False
628,-200.0,False
629,-200.0,False
630,-200.0,False
631,-200.0,False
632,-200.0,False
633,-200.0,False
634,-200.0,False
635,-200.0,False
636,-200.0,False
637,-200.0,False
638,-200.0,False
639,-200.0,False
640,-200.0,False
641,-200.0,False
642,-200.0,False
643,-200.0,False
644,-200.0,False
645,-200.0,False
646,-200.0,False
647,-200.0,False
648,-200.0,False
649,-200.0,False
650,-200.0,False
651,-200.0,False
652,-200.0,False
653,-200.0,False
654,-200.0,False
655,-200.0,False
656,-200.0,False
657,-200.0,False
658,-200.0,False
659,-200.0,False
660,-170.0,True
661,-200.0,False
662,-200.0,False
663,-200.0,False
664,-200.0,False
665,-200.0,False
666,-200.0,False
667,-200.0,False
668,-200.0,False
669,-200.0,False
670,-200.0,False
671,-200.0,False
672,-200.0,False
673,-200.0,False
674,-200.0,False
675,-200.0,False
676,-200.0,False
677,-172.0,True
678,-200.0,False
679,-200.0,False
680,-171.0,True
681,-200.0,False
682,-200.0,False
683,-200.0,False
684,-200.0,False
685,-200.0,False
686,-200.0,False
687,-200.0,False
688,-166.0,True
689,-200.0,False
690,-200.0,False
691,-200.0,False
692,-200.0,False
693,-200.0,False
694,-200.0,False
695,-200.0,False
696,-200.0,False
697,-200.0,False
698,-200.0,False
699,-200.0,False
700,-200.0,False
701,-200.0,False
702,-200.0,False
703,-200.0,False
704,-200.0,False
705,-200.0,False
706,-200.0,False
707,-200.0,False
708,-200.0,False
709,-200.0,False
710,-200.0,False
711,-200.0,False
712,-200.0,False
713,-200.0,False
714,-200.0,False
715,-200.0,False
716,-200.0,False
717,-200.0,False
718,-200.0,False
719,-200.0,False
720,-200.0,False
721,-200.0,False
722,-200.0,False
723,-200.0,False
724,-200.0,False
725,-200.0,False
726,-200.0,False
727,-200.0,False
728,-200.0,False
729,-200.0,False
730,-200.0,False
731,-200.0,False
732,-200.0,False
733,-200.0,False
734,-200.0,False
735,-200.0,False
736,-200.0,False
737,-200.0,False
738,-200.0,False
739,-200.0,False
740,-200.0,False
741,-200.0,False
742,-200.0,False
743,-200.0,False
744,-200.0,False
745,-200.0,False
746,-200.0,False
747,-200.0,False
748,-200.0,False
749,-200.0,False
750,-200.0,False
751,-200.0,False
752,-200.0,False
753,-200.0,False
754,-200.0,False
755,-200.0,False
756,-200.0,False
757,-200.0,False
758,-200.0,False
759,-200.0,False
760,-200.0,False
761,-200.0,False
762,-200.0,False
763,-200.0,False
764,-200.0,False
765,-200.0,False
766,-200.0,False
767,-200.0,False
768,-200.0,False
769,-200.0,False
770,-200.0,False
771,-200.0,False
772,-200.0,False
773,-200.0,False
774,-200.0,False
775,-200.0,False
776,-200.0,False
777,-200.0,False
778,-200.0,False
779,-200.0,False
780,-200.0,False
781,-200.0,False
782,-200.0,False
783,-200.0,False
784,-200.0,False
785,-200.0,False
786,-200.0,False
787,-200.0,False
788,-200.0,False
789,-200.0,False
790,-200.0,False
791,-200.0,False
792,-200.0,False
793,-174.0,True
794,-200.0,False
795,-200.0,False
796,-200.0,False
797,-200.0,False
798,-200.0,False
799,-200.0,False
800,-200.0,False
801,-200.0,False
802,-200.0,False
803,-200.0,False
804,-155.0,True
805,-200.0,False
806,-200.0,False
807,-160.0,True
808,-177.0,True
809,-200.0,False
810,-167.0,True
811,-200.0,False
812,-166.0,True
813,-158.0,True
814,-200.0,False
815,-164.0,True
816,-200.0,False
817,-164.0,True
818,-200.0,False
819,-200.0,False
820,-200.0,False
821,-200.0,False
822,-200.0,False
823,-200.0,False
824,-163.0,True
825,-161.0,True
826,-156.0,True
827,-200.0,False
828,-155.0,True
829,-200.0,False
830,-200.0,False
831,-200.0,False
832,-139.0,True
833,-200.0,False
834,-200.0,False
835,-155.0,True
836,-162.0,True
837,-163.0,True
838,-167.0,True
839,-164.0,True
840,-194.0,True
841,-157.0,True
842,-168.0,True
843,-200.0,False
844,-200.0,False
845,-200.0,False
846,-200.0,False
847,-200.0,False
848,-176.0,True
849,-200.0,False
850,-200.0,False
851,-200.0,False
852,-200.0,False
853,-200.0,False
854,-200.0,False
855,-200.0,False
856,-200.0,False
857,-200.0,False
858,-200.0,False
859,-200.0,False
860,-200.0,False
861,-200.0,False
862,-200.0,False
863,-200.0,False
864,-200.0,False
865,-200.0,False
866,-200.0,False
867,-200.0,False
868,-200.0,False
869,-200.0,False
870,-200.0,False
871,-200.0,False
872,-200.0,False
873,-194.0,True
874,-200.0,False
875,-182.0,True
876,-197.0,True
877,-187.0,True
878,-200.0,False
879,-200.0,False
880,-191.0,True
881,-200.0,False
882,-174.0,True
883,-200.0,False
884,-190.0,True
885,-160.0,True
886,-171.0,True
887,-200.0,False
888,-197.0,True
889,-195.0,True
890,-200.0,False
891,-178.0,True
892,-190.0,True
893,-193.0,True
894,-189.0,True
895,-198.0,True
896,-200.0,False
897,-197.0,True
898,-200.0,False
899,-200.0,False
900,-194.0,True
901,-175.0,True
902,-197.0,True
903,-190.0,True
904,-200.0,False
905,-141.0,True
906,-200.0,False
907,-163.0,True
908,-161.0,True
909,-200.0,False
910,-144.0,True
911,-195.0,True
912,-164.0,True
913,-163.0,True
914,-146.0,True
915,-165.0,True
916,-200.0,False
917,-160.0,True
918,-148.0,True
919,-162.0,True
920,-165.0,True
921,-146.0,True
922,-142.0,True
923,-159.0,True
924,-141.0,True
925,-200.0,False
926,-162.0,True
927,-195.0,True
928,-200.0,False
929,-154.0,True
930,-144.0,True
931,-200.0,False
932,-153.0,True
933,-163.0,True
934,-160.0,True
935,-200.0,False
936,-200.0,False
937,-200.0,False
938,-194.0,True
939,-191.0,True
940,-200.0,False
941,-186.0,True
942,-199.0,False
943,-195.0,True
944,-194.0,True
945,-191.0,True
946,-200.0,False
947,-200.0,False
948,-200.0,False
949,-200.0,False
950,-200.0,False
951,-164.0,True
952,-200.0,False
953,-194.0,True
954,-200.0,False
955,-199.0,False
956,-200.0,False
957,-200.0,False
958,-200.0,False
959,-200.0,False
960,-197.0,True
961,-200.0,False
962,-197.0,True
963,-200.0,False
964,-164.0,True
965,-189.0,True
966,-200.0,False
967,-150.0,True
968,-200.0,False
969,-200.0,False
970,-200.0,False
971,-200.0,False
972,-200.0,False
973,-174.0,True
974,-159.0,True
975,-200.0,False
976,-153.0,True
977,-171.0,True
978,-200.0,False
979,-200.0,False
980,-156.0,True
981,-200.0,False
982,-155.0,True
983,-200.0,False
984,-158.0,True
985,-169.0,True
986,-200.0,False
987,-151.0,True
988,-149.0,True
989,-154.0,True
990,-150.0,True
991,-200.0,False
992,-200.0,False
993,-200.0,False
994,-156.0,True
995,-200.0,False
996,-200.0,False
997,-200.0,False
998,-179.0,True
999,-172.0,True
1000,-200.0,False
1001,-200.0,False
1002,-200.0,False
1003,-200.0,False
1004,-200.0,False
1005,-200.0,False
1006,-200.0,False
1007,-200.0,False
1008,-200.0,False
1009,-200.0,False
1010,-200.0,False
1011,-200.0,False
1012,-200.0,False
1013,-200.0,False
1014,-200.0,False
1015,-200.0,False
1016,-200.0,False
1017,-200.0,False
1018,-200.0,False
1019,-200.0,False
1020,-200.0,False
1021,-200.0,False
1022,-200.0,False
1023,-200.0,False
1024,-200.0,False
1025,-200.0,False
1026,-200.0,False
1027,-200.0,False
1028,-200.0,False
1029,-200.0,False
1030,-200.0,False
1031,-173.0,True
1032,-200.0,False
1033,-167.0,True
1034,-200.0,False
1035,-200.0,False
1036,-161.0,True
1037,-163.0,True
1038,-174.0,True
1039,-191.0,True
1040,-200.0,False
1041,-200.0,False
1042,-181.0,True
1043,-200.0,False
1044,-200.0,False
1045,-200.0,False
1046,-200.0,False
1047,-169.0,True
1048,-200.0,False
1049,-200.0,False
1050,-200.0,False
1051,-165.0,True
1052,-200.0,False
1053,-200.0,False
1054,-200.0,False
1055,-200.0,False
1056,-197.0,True
1057,-200.0,False
1058,-200.0,False
1059,-167.0,True
1060,-200.0,False
1061,-200.0,False
1062,-170.0,True
1063,-166.0,True
1064,-200.0,False
1065,-200.0,False
1066,-154.0,True
1067,-159.0,True
1068,-127.0,True
1069,-156.0,True
1070,-151.0,True
1071,-152.0,True
1072,-122.0,True
1073,-129.0,True
1074,-150.0,True
1075,-162.0,True
1076,-200.0,False
1077,-151.0,True
1078,-145.0,True
1079,-143.0,True
1080,-153.0,True
1081,-165.0,True
1082,-182.0,True
1083,-163.0,True
1084,-161.0,True
1085,-154.0,True
1086,-200.0,False
1087,-200.0,False
1088,-200.0,False
1089,-200.0,False
1090,-200.0,False
1091,-200.0,False
1092,-200.0,False
1093,-200.0,False
1094,-200.0,False
1095,-200.0,False
1096,-200.0,False
1097,-200.0,False
1098,-200.0,False
1099,-200.0,False
1100,-200.0,False
1101,-200.0,False
1102,-200.0,False
1103,-200.0,False
1104,-200.0,False
1105,-200.0,False
1106,-200.0,False
1107,-200.0,False
1108,-200.0,False
1109,-200.0,False
1110,-200.0,False
1111,-200.0,False
1112,-164.0,True
1113,-200.0,False
1114,-200.0,False
1115,-200.0,False
1116,-200.0,False
1117,-200.0,False
1118,-200.0,False
1119,-199.0,False
1120,-197.0,True
1121,-200.0,False
1122,-191.0,True
1123,-200.0,False
1124,-200.0,False
1125,-189.0,True
1126,-191.0,True
1127,-162.0,True
1128,-200.0,False
1129,-163.0,True
1130,-191.0,True
1131,-192.0,True
1132,-162.0,True
1133,-159.0,True
1134,-166.0,True
1135,-188.0,True
1136,-200.0,False
1137,-193.0,True
1138,-158.0,True
1139,-166.0,True
1140,-197.0,True
1141,-162.0,True
1142,-200.0,False
1143,-200.0,False
1144,-200.0,False
1145,-200.0,False
1146,-171.0,True
1147,-200.0,False
1148,-200.0,False
1149,-200.0,False
1150,-200.0,False
1151,-200.0,False
1152,-200.0,False
1153,-200.0,False
1154,-200.0,False
1155,-200.0,False
1156,-181.0,True
1157,-190.0,True
1158,-194.0,True
1159,-200.0,False
1160,-200.0,False
1161,-192.0,True
1162,-200.0,False
1163,-174.0,True
1164,-162.0,True
1165,-197.0,True
1166,-198.0,True
1167,-199.0,False
1168,-195.0,True
1169,-200.0,False
1170,-195.0,True
1171,-200.0,False
1172,-200.0,False
1173,-200.0,False
1174,-200.0,False
1175,-200.0,False
1176,-200.0,False
1177,-196.0,True
1178,-198.0,True
1179,-200.0,False
1180,-194.0,True
1181,-158.0,True
1182,-200.0,False
1183,-200.0,False
1184,-200.0,False
1185,-159.0,True
1186,-190.0,True
1187,-158.0,True
1188,-194.0,True
1189,-199.0,False
1190,-188.0,True
1191,-196.0,True
1192,-162.0,True
1193,-200.0,False
1194,-193.0,True
1195,-174.0,True
1196,-161.0,True
1197,-186.0,True
1198,-200.0,False
1199,-200.0,False
1200,-200.0,False
1201,-184.0,True
1202,-165.0,True
1203,-160.0,True
1204,-200.0,False
1205,-161.0,True
1206,-142.0,True
1207,-159.0,True
1208,-183.0,True
1209,-157.0,True
1210,-142.0,True
1211,-153.0,True
1212,-156.0,True
1213,-200.0,False
1214,-200.0,False
1215,-194.0,True
1216,-156.0,True
1217,-200.0,False
1218,-161.0,True
1219,-145.0,True
1220,-153.0,True
1221,-200.0,False
1222,-186.0,True
1223,-190.0,True
1224,-199.0,False
1225,-172.0,True
1226,-164.0,True
1227,-200.0,False
1228,-200.0,False
1229,-162.0,True
1230,-200.0,False
1231,-200.0,False
1232,-188.0,True
1233,-200.0,False
1234,-163.0,True
1235,-160.0,True
1236,-200.0,False
1237,-200.0,False
1238,-162.0,True
1239,-200.0,False
1240,-200.0,False
1241,-150.0,True
1242,-153.0,True
1243,-156.0,True
1244,-200.0,False
1245,-159.0,True
1246,-200.0,False
1247,-171.0,True
1248,-149.0,True
1249,-200.0,False
1250,-200.0,False
1251,-200.0,False
1252,-200.0,False
1253,-200.0,False
1254,-200.0,False
1255,-200.0,False
1256,-200.0,False
1257,-200.0,False
1258,-200.0,False
1259,-200.0,False
1260,-200.0,False
1261,-200.0,False
1262,-156.0,True
1263,-200.0,False
1264,-163.0,True
1265,-169.0,True
1266,-200.0,False
1267,-200.0,False
1268,-173.0,True
1269,-200.0,False
1270,-155.0,True
1271,-144.0,True
1272,-200.0,False
1273,-169.0,True
1274,-158.0,True
1275,-155.0,True
1276,-200.0,False
1277,-183.0,True
1278,-174.0,True
1279,-171.0,True
1280,-200.0,False
1281,-200.0,False
1282,-200.0,False
1283,-200.0,False
1284,-200.0,False
1285,-200.0,False
1286,-200.0,False
1287,-164.0,True
1288,-200.0,False
1289,-200.0,False
1290,-200.0,False
1291,-200.0,False
1292,-200.0,False
1293,-200.0,False
1294,-150.0,True
1295,-200.0,False
1296,-200.0,False
1297,-200.0,False
1298,-165.0,True
1299,-200.0,False
1300,-200.0,False
1301,-200.0,False
1302,-200.0,False
1303,-200.0,False
1304,-200.0,False
1305,-200.0,False
1306,-200.0,False
1307,-200.0,False
1308,-200.0,False
1309,-200.0,False
1310,-200.0,False
1311,-200.0,False
1312,-200.0,False
1313,-200.0,False
1314,-200.0,False
1315,-200.0,False
1316,-200.0,False
1317,-200.0,False
1318,-200.0,False
1319,-200.0,False
1320,-200.0,False
1321,-200.0,False
1322,-200.0,False
1323,-200.0,False
1324,-200.0,False
1325,-200.0,False
1326,-200.0,False
1327,-200.0,False
1328,-200.0,False
1329,-200.0,False
1330,-146.0,True
1331,-200.0,False
1332,-166.0,True
1333,-200.0,False
1334,-200.0,False
1335,-200.0,False
1336,-200.0,False
1337,-200.0,False
1338,-200.0,False
1339,-200.0,False
1340,-200.0,False
1341,-200.0,False
1342,-200.0,False
1343,-200.0,False
1344,-200.0,False
1345,-131.0,True
1346,-161.0,True
1347,-200.0,False
1348,-166.0,True
1349,-200.0,False
1350,-200.0,False
1351,-200.0,False
1352,-200.0,False
1353,-200.0,False
1354,-200.0,False
1355,-200.0,False
1356,-200.0,False
1357,-200.0,False
1358,-199.0,False
1359,-200.0,False
1360,-200.0,False
1361,-200.0,False
1362,-200.0,False
1363,-200.0,False
1364,-200.0,False
1365,-200.0,False
1366,-200.0,False
1367,-200.0,False
1368,-200.0,False
1369,-200.0,False
1370,-200.0,False
1371,-200.0,False
1372,-200.0,False
1373,-200.0,False
1374,-200.0,False
1375,-200.0,False
1376,-200.0,False
1377,-200.0,False
1378,-200.0,False
1379,-200.0,False
1380,-200.0,False
1381,-200.0,False
1382,-194.0,True
1383,-200.0,False
1384,-200.0,False
1385,-200.0,False
1386,-200.0,False
1387,-200.0,False
1388,-200.0,False
1389,-200.0,False
1390,-200.0,False
1391,-200.0,False
1392,-200.0,False
1393,-200.0,False
1394,-200.0,False
1395,-198.0,True
1396,-200.0,False
1397,-200.0,False
1398,-200.0,False
1399,-200.0,False
1400,-199.0,False
1401,-200.0,False
1402,-200.0,False
1403,-200.0,False
1404,-163.0,True
1405,-157.0,True
1406,-193.0,True
1407,-161.0,True
1408,-200.0,False
1409,-200.0,False
1410,-200.0,False
1411,-168.0,True
1412,-161.0,True
1413,-159.0,True
1414,-200.0,False
1415,-164.0,True
1416,-163.0,True
1417,-200.0,False
1418,-200.0,False
1419,-200.0,False
1420,-200.0,False
1421,-200.0,False
1422,-160.0,True
1423,-200.0,False
1424,-200.0,False
1425,-200.0,False
1426,-200.0,False
1427,-167.0,True
1428,-200.0,False
1429,-200.0,False
1430,-200.0,False
1431,-200.0,False
1432,-200.0,False
1433,-167.0,True
1434,-161.0,True
1435,-163.0,True
1436,-200.0,False
1437,-167.0,True
1438,-189.0,True
1439,-170.0,True
1440,-165.0,True
1441,-164.0,True
1442,-200.0,False
1443,-169.0,True
1444,-164.0,True
1445,-172.0,True
1446,-173.0,True
1447,-167.0,True
1448,-200.0,False
1449,-165.0,True
1450,-160.0,True
1451,-162.0,True
1452,-167.0,True
1453,-163.0,True
1454,-165.0,True
1455,-163.0,True
1456,-200.0,False
1457,-164.0,True
1458,-200.0,False
1459,-169.0,True
1460,-163.0,True
1461,-167.0,True
1462,-166.0,True
1463,-165.0,True
1464,-168.0,True
1465,-200.0,False
1466,-159.0,True
1467,-200.0,False
1468,-200.0,False
1469,-161.0,True
1470,-167.0,True
1471,-200.0,False
1472,-200.0,False
1473,-200.0,False
1474,-164.0,True
1475,-200.0,False
1476,-155.0,True
1477,-161.0,True
1478,-169.0,True
1479,-152.0,True
1480,-160.0,True
1481,-158.0,True
1482,-162.0,True
1483,-157.0,True
1484,-200.0,False
1485,-162.0,True
1486,-163.0,True
1487,-160.0,True
1488,-162.0,True
1489,-162.0,True
1490,-167.0,True
1491,-167.0,True
1492,-169.0,True
1493,-164.0,True
1494,-200.0,False
1495,-172.0,True
1496,-165.0,True
1497,-158.0,True
1498,-168.0,True
1499,-200.0,False
1500,-199.0,False
1501,-167.0,True
1502,-170.0,True
1503,-167.0,True
1504,-200.0,False
1505,-162.0,True
1506,-164.0,True
1507,-164.0,True
1508,-200.0,False
1509,-200.0,False
1510,-200.0,False
1511,-160.0,True
1512,-152.0,True
1513,-158.0,True
1514,-200.0,False
1515,-200.0,False
1516,-200.0,False
1517,-158.0,True
1518,-162.0,True
1519,-200.0,False
1520,-158.0,True
1521,-200.0,False
1522,-157.0,True
1523,-159.0,True
1524,-200.0,False
1525,-155.0,True
1526,-153.0,True
1527,-157.0,True
1528,-159.0,True
1529,-161.0,True
1530,-158.0,True
1531,-153.0,True
1532,-160.0,True
1533,-159.0,True
1534,-161.0,True
1535,-154.0,True
1536,-158.0,True
1537,-161.0,True
1538,-151.0,True
1539,-154.0,True
1540,-200.0,False
1541,-159.0,True
1542,-159.0,True
1543,-166.0,True
1544,-200.0,False
1545,-200.0,False
1546,-160.0,True
1547,-153.0,True
1548,-155.0,True
1549,-200.0,False
1550,-153.0,True
1551,-155.0,True
1552,-162.0,True
1553,-156.0,True
1554,-157.0,True
1555,-160.0,True
1556,-161.0,True
1557,-162.0,True
1558,-152.0,True
1559,-159.0,True
1560,-165.0,True
1561,-156.0,True
1562,-176.0,True
1563,-200.0,False
1564,-166.0,True
1565,-157.0,True
1566,-159.0,True
1567,-200.0,False
1568,-183.0,True
1569,-200.0,False
1570,-200.0,False
1571,-159.0,True
1572,-162.0,True
1573,-155.0,True
1574,-166.0,True
1575,-162.0,True
1576,-160.0,True
1577,-200.0,False
1578,-200.0,False
1579,-200.0,False
1580,-200.0,False
1581,-200.0,False
1582,-200.0,False
1583,-200.0,False
1584,-200.0,False
1585,-200.0,False
1586,-200.0,False
1587,-200.0,False
1588,-200.0,False
1589,-200.0,False
1590,-200.0,False
1591,-200.0,False
1592,-200.0,False
1593,-200.0,False
1594,-200.0,False
1595,-200.0,False
1596,-200.0,False
1597,-200.0,False
1598,-200.0,False
1599,-200.0,False
1600,-170.0,True
1601,-200.0,False
1602,-167.0,True
1603,-200.0,False
1604,-200.0,False
1605,-200.0,False
1606,-200.0,False
1607,-200.0,False
1608,-200.0,False
1609,-200.0,False
1610,-200.0,False
1611,-200.0,False
1612,-200.0,False
1613,-200.0,False
1614,-200.0,False
1615,-200.0,False
1616,-200.0,False
1617,-200.0,False
1618,-200.0,False
1619,-200.0,False
1620,-200.0,False
1621,-200.0,False
1622,-200.0,False
1623,-200.0,False
1624,-200.0,False
1625,-155.0,True
1626,-200.0,False
1627,-168.0,True
1628,-161.0,True
1629,-155.0,True
1630,-157.0,True
1631,-200.0,False
1632,-158.0,True
1633,-200.0,False
1634,-163.0,True
1635,-200.0,False
1636,-166.0,True
1637,-200.0,False
1638,-200.0,False
1639,-200.0,False
1640,-200.0,False
1641,-166.0,True
1642,-200.0,False
1643,-152.0,True
1644,-175.0,True
1645,-163.0,True
1646,-159.0,True
1647,-164.0,True
1648,-168.0,True
1649,-164.0,True
1650,-158.0,True
1651,-200.0,False
1652,-177.0,True
1653,-200.0,False
1654,-200.0,False
1655,-200.0,False
1656,-200.0,False
1657,-200.0,False
1658,-200.0,False
1659,-200.0,False
1660,-200.0,False
1661,-172.0,True
1662,-200.0,False
1663,-200.0,False
1664,-200.0,False
1665,-200.0,False
1666,-200.0,False
1667,-200.0,False
1668,-200.0,False
1669,-200.0,False
1670,-200.0,False
1671,-200.0,False
1672,-200.0,False
1673,-161.0,True
1674,-162.0,True
1675,-165.0,True
1676,-200.0,False
1677,-200.0,False
1678,-200.0,False
1679,-200.0,False
1680,-200.0,False
1681,-200.0,False
1682,-200.0,False
1683,-200.0,False
1684,-200.0,False
1685,-200.0,False
1686,-200.0,False
1687,-200.0,False
1688,-168.0,True
1689,-200.0,False
1690,-200.0,False
1691,-200.0,False
1692,-200.0,False
1693,-168.0,True
1694,-200.0,False
1695,-156.0,True
1696,-200.0,False
1697,-200.0,False
1698,-158.0,True
1699,-200.0,False
1700,-200.0,False
1701,-200.0,False
1702,-200.0,False
1703,-200.0,False
1704,-200.0,False
1705,-200.0,False
1706,-158.0,True
1707,-155.0,True
1708,-200.0,False
1709,-149.0,True
1710,-162.0,True
1711,-200.0,False
1712,-170.0,True
1713,-200.0,False
1714,-200.0,False
1715,-168.0,True
1716,-161.0,True
1717,-148.0,True
1718,-200.0,False
1719,-200.0,False
1720,-143.0,True
1721,-144.0,True
1722,-156.0,True
1723,-143.0,True
1724,-200.0,False
1725,-200.0,False
1726,-151.0,True
1727,-200.0,False
1728,-151.0,True
1729,-145.0,True
1730,-200.0,False
1731,-200.0,False
1732,-141.0,True
1733,-147.0,True
1734,-143.0,True
1735,-144.0,True
1736,-200.0,False
1737,-144.0,True
1738,-153.0,True
1739,-200.0,False
1740,-200.0,False
1741,-144.0,True
1742,-200.0,False
1743,-147.0,True
1744,-142.0,True
1745,-144.0,True
1746,-141.0,True
1747,-146.0,True
1748,-141.0,True
1749,-200.0,False
1750,-200.0,False
1751,-147.0,True
1752,-144.0,True
1753,-200.0,False
1754,-145.0,True
1755,-200.0,False
1756,-139.0,True
1757,-150.0,True
1758,-152.0,True
1759,-149.0,True
1760,-141.0,True
1761,-200.0,False
1762,-200.0,False
1763,-145.0,True
1764,-162.0,True
1765,-148.0,True
1766,-200.0,False
1767,-148.0,True
1768,-147.0,True
1769,-200.0,False
1770,-143.0,True
1771,-139.0,True
1772,-146.0,True
1773,-138.0,True
1774,-139.0,True
1775,-139.0,True
1776,-137.0,True
1777,-200.0,False
1778,-138.0,True
1779,-141.0,True
1780,-200.0,False
1781,-139.0,True
1782,-144.0,True
1783,-144.0,True
1784,-139.0,True
1785,-151.0,True
1786,-200.0,False
1787,-142.0,True
1788,-200.0,False
1789,-200.0,False
1790,-160.0,True
1791,-152.0,True
1792,-145.0,True
1793,-145.0,True
1794,-158.0,True
1795,-149.0,True
1796,-151.0,True
1797,-161.0,True
1798,-200.0,False
1799,-200.0,False
1800,-200.0,False
1801,-200.0,False
1802,-200.0,False
1803,-200.0,False
1804,-200.0,False
1805,-200.0,False
1806,-141.0,True
1807,-153.0,True
1808,-137.0,True
1809,-145.0,True
1810,-200.0,False
1811,-155.0,True
1812,-200.0,False
1813,-168.0,True
1814,-152.0,True
1815,-146.0,True
1816,-151.0,True
1817,-200.0,False
1818,-169.0,True
1819,-200.0,False
1820,-200.0,False
1821,-200.0,False
1822,-200.0,False
1823,-147.0,True
1824,-200.0,False
1825,-200.0,False
1826,-200.0,False
1827,-153.0,True
1828,-200.0,False
1829,-200.0,False
1830,-151.0,True
1831,-200.0,False
1832,-200.0,False
1833,-200.0,False
1834,-200.0,False
1835,-200.0,False
1836,-200.0,False
1837,-200.0,False
1838,-200.0,False
1839,-161.0,True
1840,-155.0,True
1841,-152.0,True
1842,-147.0,True
1843,-152.0,True
1844,-200.0,False
1845,-157.0,True
1846,-200.0,False
1847,-200.0,False
1848,-162.0,True
1849,-152.0,True
1850,-160.0,True
1851,-151.0,True
1852,-200.0,False
1853,-200.0,False
1854,-200.0,False
1855,-157.0,True
1856,-200.0,False
1857,-200.0,False
1858,-200.0,False
1859,-200.0,False
1860,-200.0,False
1861,-154.0,True
1862,-200.0,False
1863,-200.0,False
1864,-200.0,False
1865,-200.0,False
1866,-200.0,False
1867,-200.0,False
1868,-154.0,True
1869,-200.0,False
1870,-200.0,False
1871,-154.0,True
1872,-200.0,False
1873,-200.0,False
1874,-153.0,True
1875,-200.0,False
1876,-200.0,False
1877,-160.0,True
1878,-200.0,False
1879,-200.0,False
1880,-157.0,True
1881,-200.0,False
1882,-200.0,False
1883,-200.0,False
1884,-200.0,False
1885,-200.0,False
1886,-155.0,True
1887,-153.0,True
1888,-200.0,False
1889,-200.0,False
1890,-200.0,False
1891,-200.0,False
1892,-200.0,False
1893,-200.0,False
1894,-200.0,False
1895,-200.0,False
1896,-200.0,False
1897,-200.0,False
1898,-200.0,False
1899,-200.0,False
1900,-156.0,True
1901,-200.0,False
1902,-200.0,False
1903,-200.0,False
1904,-200.0,False
1905,-149.0,True
1906,-200.0,False
1907,-200.0,False
1908,-200.0,False
1909,-200.0,False
1910,-200.0,False
1911,-200.0,False
1912,-200.0,False
1913,-200.0,False
1914,-200.0,False
1915,-200.0,False
1916,-200.0,False
1917,-200.0,False
1918,-200.0,False
1919,-200.0,False
1920,-200.0,False
1921,-200.0,False
1922,-186.0,True
1923,-176.0,True
1924,-200.0,False
1925,-200.0,False
1926,-200.0,False
1927,-200.0,False
1928,-200.0,False
1929,-200.0,False
1930,-196.0,True
1931,-200.0,False
1932,-200.0,False
1933,-200.0,False
1934,-200.0,False
1935,-200.0,False
1936,-200.0,False
1937,-200.0,False
1938,-200.0,False
1939,-200.0,False
1940,-200.0,False
1941,-155.0,True
1942,-200.0,False
1943,-200.0,False
1944,-154.0,True
1945,-200.0,False
1946,-200.0,False
1947,-200.0,False
1948,-200.0,False
1949,-200.0,False
1950,-150.0,True
1951,-200.0,False
1952,-147.0,True
1953,-200.0,False
1954,-155.0,True
1955,-200.0,False
1956,-155.0,True
1957,-200.0,False
1958,-200.0,False
1959,-147.0,True
1960,-200.0,False
1961,-200.0,False
1962,-200.0,False
1963,-200.0,False
1964,-167.0,True
1965,-200.0,False
1966,-200.0,False
1967,-200.0,False
1968,-200.0,False
1969,-200.0,False
1970,-161.0,True
1971,-145.0,True
1972,-200.0,False
1973,-200.0,False
1974,-200.0,False
1975,-146.0,True
1976,-200.0,False
1977,-160.0,True
1978,-200.0,False
1979,-200.0,False
1980,-153.0,True
1981,-200.0,False
1982,-200.0,False
1983,-200.0,False
1984,-200.0,False
1985,-200.0,False
1986,-154.0,True
1987,-147.0,True
1988,-200.0,False
1989,-156.0,True
1990,-200.0,False
1991,-150.0,True
1992,-152.0,True
1993,-153.0,True
1994,-154.0,True
1995,-157.0,True
1996,-200.0,False
1997,-200.0,False
1998,-152.0,True
1999,-152.0,True
2000,-200.0,False
2001,-200.0,False
2002,-159.0,True
2003,-200.0,False
2004,-173.0,True
2005,-157.0,True
2006,-200.0,False
2007,-200.0,False
2008,-150.0,True
2009,-166.0,True
2010,-200.0,False
2011,-200.0,False
2012,-200.0,False
2013,-183.0,True
2014,-200.0,False
2015,-149.0,True
2016,-167.0,True
2017,-200.0,False
2018,-200.0,False
2019,-167.0,True
2020,-200.0,False
2021,-200.0,False
2022,-200.0,False
2023,-152.0,True
2024,-200.0,False
2025,-153.0,True
2026,-155.0,True
2027,-200.0,False
2028,-151.0,True
2029,-200.0,False
2030,-200.0,False
2031,-200.0,False
2032,-172.0,True
2033,-200.0,False
2034,-200.0,False
2035,-147.0,True
2036,-200.0,False
2037,-148.0,True
2038,-152.0,True
2039,-169.0,True
2040,-150.0,True
2041,-155.0,True
2042,-169.0,True
2043,-154.0,True
2044,-157.0,True
2045,-171.0,True
2046,-165.0,True
2047,-200.0,False
2048,-155.0,True
2049,-155.0,True
2050,-163.0,True
2051,-152.0,True
2052,-167.0,True
2053,-167.0,True
2054,-148.0,True
2055,-148.0,True
2056,-155.0,True
2057,-152.0,True
2058,-166.0,True
2059,-162.0,True
2060,-158.0,True
2061,-160.0,True
2062,-164.0,True
2063,-156.0,True
2064,-161.0,True
2065,-170.0,True
2066,-154.0,True
2067,-168.0,True
2068,-155.0,True
2069,-164.0,True
2070,-158.0,True
2071,-163.0,True
2072,-176.0,True
2073,-162.0,True
2074,-157.0,True
2075,-163.0,True
2076,-176.0,True
2077,-148.0,True
2078,-160.0,True
2079,-164.0,True
2080,-200.0,False
2081,-143.0,True
2082,-158.0,True
2083,-159.0,True
2084,-200.0,False
2085,-159.0,True
2086,-200.0,False
2087,-200.0,False
2088,-152.0,True
2089,-200.0,False
2090,-200.0,False
2091,-200.0,False
2092,-167.0,True
2093,-150.0,True
2094,-161.0,True
2095,-161.0,True
2096,-197.0,True
2097,-160.0,True
2098,-155.0,True
2099,-200.0,False
2100,-166.0,True
2101,-161.0,True
2102,-165.0,True
2103,-161.0,True
2104,-162.0,True
2105,-184.0,True
2106,-165.0,True
2107,-162.0,True
2108,-161.0,True
2109,-160.0,True
2110,-160.0,True
2111,-163.0,True
2112,-158.0,True
2113,-163.0,True
2114,-158.0,True
2115,-200.0,False
2116,-161.0,True
2117,-200.0,False
2118,-163.0,True
2119,-200.0,False
2120,-161.0,True
2121,-165.0,True
2122,-167.0,True
2123,-200.0,False
2124,-162.0,True
2125,-193.0,True
2126,-165.0,True
2127,-166.0,True
2128,-168.0,True
2129,-200.0,False
2130,-164.0,True
2131,-167.0,True
2132,-200.0,False
2133,-200.0,False
2134,-200.0,False
2135,-200.0,False
2136,-169.0,True
2137,-164.0,True
2138,-200.0,False
2139,-199.0,False
2140,-162.0,True
2141,-163.0,True
2142,-200.0,False
2143,-162.0,True
2144,-160.0,True
2145,-164.0,True
2146,-200.0,False
2147,-164.0,True
2148,-200.0,False
2149,-200.0,False
2150,-200.0,False
2151,-200.0,False
2152,-200.0,False
2153,-164.0,True
2154,-161.0,True
2155,-162.0,True
2156,-167.0,True
2157,-177.0,True
2158,-200.0,False
2159,-164.0,True
2160,-200.0,False
2161,-200.0,False
2162,-200.0,False
2163,-161.0,True
2164,-160.0,True
2165,-162.0,True
2166,-167.0,True
2167,-200.0,False
2168,-200.0,False
2169,-161.0,True
2170,-161.0,True
2171,-161.0,True
2172,-158.0,True
2173,-168.0,True
2174,-159.0,True
2175,-157.0,True
2176,-174.0,True
2177,-175.0,True
2178,-167.0,True
2179,-155.0,True
2180,-166.0,True
2181,-174.0,True
2182,-156.0,True
2183,-146.0,True
2184,-172.0,True
2185,-151.0,True
2186,-160.0,True
2187,-147.0,True
2188,-200.0,False
2189,-200.0,False
2190,-168.0,True
2191,-200.0,False
2192,-200.0,False
2193,-171.0,True
2194,-200.0,False
2195,-160.0,True
2196,-200.0,False
2197,-200.0,False
2198,-200.0,False
2199,-200.0,False
2200,-167.0,True
2201,-200.0,False
2202,-200.0,False
2203,-161.0,True
2204,-200.0,False
2205,-200.0,False
2206,-200.0,False
2207,-160.0,True
2208,-200.0,False
2209,-160.0,True
2210,-200.0,False
2211,-200.0,False
2212,-161.0,True
2213,-200.0,False
2214,-200.0,False
2215,-153.0,True
2216,-200.0,False
2217,-200.0,False
2218,-200.0,False
2219,-200.0,False
2220,-200.0,False
2221,-200.0,False
2222,-200.0,False
2223,-200.0,False
2224,-200.0,False
2225,-200.0,False
2226,-166.0,True
2227,-200.0,False
2228,-200.0,False
2229,-200.0,False
2230,-200.0,False
2231,-200.0,False
2232,-200.0,False
2233,-200.0,False
2234,-200.0,False
2235,-200.0,False
2236,-200.0,False
2237,-163.0,True
2238,-200.0,False
2239,-200.0,False
2240,-200.0,False
2241,-200.0,False
2242,-200.0,False
2243,-200.0,False
2244,-200.0,False
2245,-200.0,False
2246,-200.0,False
2247,-200.0,False
2248,-200.0,False
2249,-200.0,False
2250,-200.0,False
2251,-200.0,False
2252,-200.0,False
2253,-200.0,False
2254,-200.0,False
2255,-200.0,False
2256,-200.0,False
2257,-200.0,False
2258,-200.0,False
2259,-200.0,False
2260,-200.0,False
2261,-200.0,False
2262,-200.0,False
2263,-200.0,False
2264,-200.0,False
2265,-200.0,False
2266,-200.0,False
2267,-200.0,False
2268,-200.0,False
2269,-200.0,False
2270,-200.0,False
2271,-200.0,False
2272,-200.0,False
2273,-200.0,False
2274,-200.0,False
2275,-200.0,False
2276,-200.0,False
2277,-200.0,False
2278,-200.0,False
2279,-200.0,False
2280,-200.0,False
2281,-200.0,False
2282,-200.0,False
2283,-200.0,False
2284,-200.0,False
2285,-200.0,False
2286,-200.0,False
2287,-200.0,False
2288,-200.0,False
2289,-200.0,False
2290,-200.0,False
2291,-200.0,False
2292,-200.0,False
2293,-200.0,False
2294,-174.0,True
2295,-200.0,False
2296,-200.0,False
2297,-200.0,False
2298,-200.0,False
2299,-200.0,False
2300,-200.0,False
2301,-200.0,False
2302,-200.0,False
2303,-200.0,False
2304,-167.0,True
2305,-200.0,False
2306,-158.0,True
2307,-159.0,True
2308,-159.0,True
2309,-200.0,False
2310,-161.0,True
2311,-200.0,False
2312,-200.0,False
2313,-166.0,True
2314,-165.0,True
2315,-167.0,True
2316,-200.0,False
2317,-156.0,True
2318,-200.0,False
2319,-200.0,False
2320,-200.0,False
2321,-157.0,True
2322,-160.0,True
2323,-200.0,False
2324,-200.0,False
2325,-200.0,False
2326,-156.0,True
2327,-200.0,False
2328,-200.0,False
2329,-167.0,True
2330,-158.0,True
2331,-155.0,True
2332,-200.0,False
2333,-145.0,True
2334,-146.0,True
2335,-167.0,True
2336,-158.0,True
2337,-144.0,True
2338,-154.0,True
2339,-148.0,True
2340,-145.0,True
2341,-147.0,True
2342,-152.0,True
2343,-157.0,True
2344,-151.0,True
2345,-151.0,True
2346,-150.0,True
2347,-144.0,True
2348,-149.0,True
2349,-144.0,True
2350,-143.0,True
2351,-142.0,True
2352,-148.0,True
2353,-141.0,True
2354,-146.0,True
2355,-162.0,True
2356,-142.0,True
2357,-142.0,True
2358,-150.0,True
2359,-149.0,True
2360,-146.0,True
2361,-150.0,True
2362,-145.0,True
2363,-148.0,True
2364,-143.0,True
2365,-145.0,True
2366,-151.0,True
2367,-161.0,True
2368,-149.0,True
2369,-157.0,True
2370,-149.0,True
2371,-155.0,True
2372,-152.0,True
2373,-154.0,True
2374,-155.0,True
2375,-154.0,True
2376,-162.0,True
2377,-155.0,True
2378,-157.0,True
2379,-152.0,True
2380,-153.0,True
2381,-152.0,True
2382,-155.0,True
2383,-149.0,True
2384,-164.0,True
2385,-158.0,True
2386,-154.0,True
2387,-150.0,True
2388,-149.0,True
2389,-151.0,True
2390,-148.0,True
2391,-155.0,True
2392,-152.0,True
2393,-158.0,True
2394,-152.0,True
2395,-150.0,True
2396,-157.0,True
2397,-152.0,True
2398,-154.0,True
2399,-154.0,True
2400,-154.0,True
2401,-157.0,True
2402,-148.0,True
2403,-150.0,True
2404,-155.0,True
2405,-152.0,True
2406,-154.0,True
2407,-153.0,True
2408,-162.0,True
2409,-157.0,True
2410,-156.0,True
2411,-159.0,True
2412,-153.0,True
2413,-155.0,True
2414,-157.0,True
2415,-160.0,True
2416,-162.0,True
2417,-161.0,True
2418,-160.0,True
2419,-162.0,True
2420,-164.0,True
2421,-160.0,True
2422,-152.0,True
2423,-161.0,True
2424,-159.0,True
2425,-156.0,True
2426,-161.0,True
2427,-156.0,True
2428,-161.0,True
2429,-162.0,True
2430,-158.0,True
2431,-162.0,True
2432,-157.0,True
2433,-154.0,True
2434,-160.0,True
2435,-157.0,True
2436,-155.0,True
2437,-154.0,True
2438,-157.0,True
2439,-150.0,True
2440,-160.0,True
2441,-156.0,True
2442,-159.0,True
2443,-159.0,True
2444,-158.0,True
2445,-151.0,True
2446,-160.0,True
2447,-155.0,True
2448,-153.0,True
2449,-159.0,True
2450,-155.0,True
2451,-164.0,True
2452,-157.0,True
2453,-160.0,True
2454,-145.0,True
2455,-160.0,True
2456,-158.0,True
2457,-147.0,True
2458,-149.0,True
2459,-158.0,True
2460,-166.0,True
2461,-163.0,True
2462,-160.0,True
2463,-157.0,True
2464,-171.0,True
2465,-171.0,True
2466,-148.0,True
2467,-145.0,True
2468,-148.0,True
2469,-140.0,True
2470,-153.0,True
2471,-145.0,True
2472,-141.0,True
2473,-151.0,True
2474,-159.0,True
2475,-142.0,True
2476,-144.0,True
2477,-150.0,True
2478,-146.0,True
2479,-142.0,True
2480,-141.0,True
2481,-143.0,True
2482,-142.0,True
2483,-140.0,True
2484,-153.0,True
2485,-142.0,True
2486,-149.0,True
2487,-151.0,True
2488,-147.0,True
2489,-139.0,True
2490,-144.0,True
2491,-139.0,True
2492,-161.0,True
2493,-200.0,False
2494,-139.0,True
2495,-148.0,True
2496,-149.0,True
2497,-145.0,True
2498,-151.0,True
2499,-139.0,True
2500,-151.0,True
2501,-146.0,True
2502,-147.0,True
2503,-144.0,True
2504,-136.0,True
2505,-145.0,True
2506,-142.0,True
2507,-157.0,True
2508,-148.0,True
2509,-151.0,True
2510,-148.0,True
2511,-160.0,True
2512,-158.0,True
2513,-145.0,True
2514,-137.0,True
2515,-153.0,True
2516,-150.0,True
2517,-154.0,True
2518,-151.0,True
2519,-200.0,False
2520,-200.0,False
2521,-157.0,True
2522,-200.0,False
2523,-148.0,True
2524,-159.0,True
2525,-200.0,False
2526,-200.0,False
2527,-200.0,False
2528,-160.0,True
2529,-161.0,True
2530,-163.0,True
2531,-161.0,True
2532,-148.0,True
2533,-162.0,True
2534,-154.0,True
2535,-200.0,False
2536,-200.0,False
2537,-163.0,True
2538,-166.0,True
2539,-200.0,False
2540,-161.0,True
2541,-169.0,True
2542,-161.0,True
2543,-156.0,True
2544,-200.0,False
2545,-159.0,True
2546,-200.0,False
2547,-200.0,False
2548,-146.0,True
2549,-200.0,False
2550,-200.0,False
2551,-159.0,True
2552,-160.0,True
2553,-200.0,False
2554,-200.0,False
2555,-200.0,False
2556,-200.0,False
2557,-200.0,False
2558,-200.0,False
2559,-152.0,True
2560,-200.0,False
2561,-200.0,False
2562,-200.0,False
2563,-175.0,True
2564,-149.0,True
2565,-154.0,True
2566,-156.0,True
2567,-151.0,True
2568,-182.0,True
2569,-148.0,True
2570,-150.0,True
2571,-200.0,False
2572,-155.0,True
2573,-200.0,False
2574,-190.0,True
2575,-183.0,True
2576,-192.0,True
2577,-159.0,True
2578,-161.0,True
2579,-165.0,True
2580,-200.0,False
2581,-157.0,True
2582,-153.0,True
2583,-152.0,True
2584,-200.0,False
2585,-156.0,True
2586,-200.0,False
2587,-153.0,True
2588,-155.0,True
2589,-200.0,False
2590,-156.0,True
2591,-152.0,True
2592,-188.0,True
2593,-156.0,True
2594,-162.0,True
2595,-160.0,True
2596,-157.0,True
2597,-157.0,True
2598,-153.0,True
2599,-178.0,True
2600,-150.0,True
2601,-200.0,False
2602,-146.0,True
2603,-172.0,True
2604,-176.0,True
2605,-151.0,True
2606,-148.0,True
2607,-175.0,True
2608,-149.0,True
2609,-148.0,True
2610,-150.0,True
2611,-200.0,False
2612,-147.0,True
2613,-153.0,True
2614,-146.0,True
2615,-145.0,True
2616,-147.0,True
2617,-145.0,True
2618,-145.0,True
2619,-149.0,True
2620,-152.0,True
2621,-148.0,True
2622,-167.0,True
2623,-148.0,True
2624,-149.0,True
2625,-152.0,True
2626,-149.0,True
2627,-148.0,True
2628,-162.0,True
2629,-149.0,True
2630,-172.0,True
2631,-148.0,True
2632,-148.0,True
2633,-147.0,True
2634,-147.0,True
2635,-144.0,True
2636,-154.0,True
2637,-151.0,True
2638,-153.0,True
2639,-150.0,True
2640,-147.0,True
2641,-151.0,True
2642,-148.0,True
2643,-185.0,True
2644,-145.0,True
2645,-163.0,True
2646,-149.0,True
2647,-145.0,True
2648,-146.0,True
2649,-200.0,False
2650,-148.0,True
2651,-153.0,True
2652,-151.0,True
2653,-194.0,True
2654,-172.0,True
2655,-153.0,True
2656,-150.0,True
2657,-148.0,True
2658,-147.0,True
2659,-148.0,True
2660,-200.0,False
2661,-152.0,True
2662,-152.0,True
2663,-200.0,False
2664,-200.0,False
2665,-149.0,True
2666,-200.0,False
2667,-148.0,True
2668,-147.0,True
2669,-147.0,True
2670,-146.0,True
2671,-147.0,True
2672,-155.0,True
2673,-145.0,True
2674,-148.0,True
2675,-152.0,True
2676,-152.0,True
2677,-148.0,True
2678,-147.0,True
2679,-152.0,True
2680,-148.0,True
2681,-151.0,True
2682,-151.0,True
2683,-147.0,True
2684,-149.0,True
2685,-148.0,True
2686,-148.0,True
2687,-151.0,True
2688,-143.0,True
2689,-147.0,True
2690,-151.0,True
2691,-150.0,True
2692,-147.0,True
2693,-145.0,True
2694,-147.0,True
2695,-146.0,True
2696,-144.0,True
2697,-148.0,True
2698,-147.0,True
2699,-147.0,True
2700,-149.0,True
2701,-148.0,True
2702,-148.0,True
2703,-148.0,True
2704,-149.0,True
2705,-148.0,True
2706,-140.0,True
2707,-200.0,False
2708,-146.0,True
2709,-142.0,True
2710,-154.0,True
2711,-200.0,False
2712,-136.0,True
2713,-145.0,True
2714,-142.0,True
2715,-152.0,True
2716,-139.0,True
2717,-141.0,True
2718,-142.0,True
2719,-149.0,True
2720,-151.0,True
2721,-152.0,True
2722,-200.0,False
2723,-144.0,True
2724,-141.0,True
2725,-146.0,True
2726,-141.0,True
2727,-144.0,True
2728,-144.0,True
2729,-147.0,True
2730,-141.0,True
2731,-142.0,True
2732,-145.0,True
2733,-146.0,True
2734,-141.0,True
2735,-151.0,True
2736,-137.0,True
2737,-137.0,True
2738,-143.0,True
2739,-141.0,True
2740,-144.0,True
2741,-140.0,True
2742,-143.0,True
2743,-142.0,True
2744,-149.0,True
2745,-136.0,True
2746,-145.0,True
2747,-136.0,True
2748,-146.0,True
2749,-135.0,True
2750,-154.0,True
2751,-200.0,False
2752,-144.0,True
2753,-150.0,True
2754,-151.0,True
2755,-140.0,True
2756,-150.0,True
2757,-145.0,True
2758,-153.0,True
2759,-200.0,False
2760,-148.0,True
2761,-147.0,True
2762,-200.0,False
2763,-147.0,True
2764,-200.0,False
2765,-147.0,True
2766,-148.0,True
2767,-151.0,True
2768,-151.0,True
2769,-161.0,True
2770,-160.0,True
2771,-150.0,True
2772,-163.0,True
2773,-155.0,True
2774,-200.0,False
2775,-200.0,False
2776,-200.0,False
2777,-148.0,True
2778,-132.0,True
2779,-146.0,True
2780,-147.0,True
2781,-143.0,True
2782,-140.0,True
2783,-143.0,True
2784,-138.0,True
2785,-155.0,True
2786,-148.0,True
2787,-157.0,True
2788,-164.0,True
2789,-155.0,True
2790,-166.0,True
2791,-160.0,True
2792,-163.0,True
2793,-163.0,True
2794,-151.0,True
2795,-147.0,True
2796,-200.0,False
2797,-159.0,True
2798,-152.0,True
2799,-151.0,True
2800,-148.0,True
2801,-148.0,True
2802,-200.0,False
2803,-200.0,False
2804,-200.0,False
2805,-140.0,True
2806,-150.0,True
2807,-146.0,True
2808,-147.0,True
2809,-155.0,True
2810,-144.0,True
2811,-148.0,True
2812,-200.0,False
2813,-200.0,False
2814,-157.0,True
2815,-200.0,False
2816,-200.0,False
2817,-200.0,False
2818,-200.0,False
2819,-200.0,False
2820,-200.0,False
2821,-152.0,True
2822,-200.0,False
2823,-200.0,False
2824,-200.0,False
2825,-200.0,False
2826,-200.0,False
2827,-200.0,False
2828,-200.0,False
2829,-200.0,False
2830,-200.0,False
2831,-200.0,False
2832,-200.0,False
2833,-200.0,False
2834,-200.0,False
2835,-200.0,False
2836,-200.0,False
2837,-200.0,False
2838,-200.0,False
2839,-159.0,True
2840,-178.0,True
2841,-147.0,True
2842,-147.0,True
2843,-200.0,False
2844,-151.0,True
2845,-165.0,True
2846,-167.0,True
2847,-154.0,True
2848,-174.0,True
2849,-159.0,True
2850,-200.0,False
2851,-161.0,True
2852,-153.0,True
2853,-151.0,True
2854,-151.0,True
2855,-151.0,True
2856,-151.0,True
2857,-200.0,False
2858,-154.0,True
2859,-153.0,True
2860,-150.0,True
2861,-200.0,False
2862,-152.0,True
2863,-154.0,True
2864,-200.0,False
2865,-159.0,True
2866,-200.0,False
2867,-153.0,True
2868,-200.0,False
2869,-145.0,True
2870,-156.0,True
2871,-150.0,True
2872,-200.0,False
2873,-200.0,False
2874,-200.0,False
2875,-200.0,False
2876,-159.0,True
2877,-161.0,True
2878,-200.0,False
2879,-200.0,False
2880,-176.0,True
2881,-183.0,True
2882,-167.0,True
2883,-161.0,True
2884,-163.0,True
2885,-158.0,True
2886,-165.0,True
2887,-200.0,False
2888,-157.0,True
2889,-151.0,True
2890,-200.0,False
2891,-200.0,False
2892,-163.0,True
2893,-157.0,True
2894,-166.0,True
2895,-200.0,False
2896,-200.0,False
2897,-127.0,True
2898,-170.0,True
2899,-159.0,True
2900,-125.0,True
2901,-147.0,True
2902,-158.0,True
2903,-150.0,True
2904,-155.0,True
2905,-155.0,True
2906,-200.0,False
2907,-195.0,True
2908,-200.0,False
2909,-148.0,True
2910,-182.0,True
2911,-200.0,False
2912,-200.0,False
2913,-191.0,True
2914,-199.0,False
2915,-200.0,False
2916,-176.0,True
2917,-200.0,False
2918,-200.0,False
2919,-200.0,False
2920,-196.0,True
2921,-200.0,False
2922,-189.0,True
2923,-185.0,True
2924,-200.0,False
2925,-188.0,True
2926,-158.0,True
2927,-162.0,True
2928,-194.0,True
2929,-158.0,True
2930,-200.0,False
2931,-194.0,True
2932,-200.0,False
2933,-200.0,False
2934,-197.0,True
2935,-200.0,False
2936,-181.0,True
2937,-199.0,False
2938,-162.0,True
2939,-200.0,False
2940,-196.0,True
2941,-200.0,False
2942,-200.0,False
2943,-200.0,False
2944,-200.0,False
2945,-132.0,True
2946,-139.0,True
2947,-200.0,False
2948,-127.0,True
2949,-200.0,False
2950,-200.0,False
2951,-200.0,False
2952,-200.0,False
2953,-200.0,False
2954,-200.0,False
2955,-200.0,False
2956,-200.0,False
2957,-200.0,False
2958,-200.0,False
2959,-200.0,False
2960,-200.0,False
2961,-158.0,True
2962,-192.0,True
2963,-156.0,True
2964,-159.0,True
2965,-193.0,True
2966,-193.0,True
2967,-162.0,True
2968,-169.0,True
2969,-147.0,True
2970,-155.0,True
2971,-148.0,True
2972,-161.0,True
2973,-187.0,True
2974,-160.0,True
2975,-200.0,False
2976,-153.0,True
2977,-159.0,True
2978,-200.0,False
2979,-200.0,False
2980,-200.0,False
2981,-200.0,False
2982,-200.0,False
2983,-200.0,False
2984,-151.0,True
2985,-169.0,True
2986,-164.0,True
2987,-162.0,True
2988,-152.0,True
2989,-172.0,True
2990,-172.0,True
2991,-156.0,True
2992,-172.0,True
2993,-200.0,False
2994,-173.0,True
2995,-165.0,True
2996,-186.0,True
2997,-200.0,False
2998,-200.0,False
2999,-200.0,False
3000,-175.0,True
3001,-150.0,True
3002,-200.0,False
3003,-165.0,True
3004,-176.0,True
3005,-200.0,False
3006,-163.0,True
3007,-200.0,False
3008,-200.0,False
3009,-200.0,False
3010,-200.0,False
3011,-200.0,False
3012,-149.0,True
3013,-200.0,False
3014,-200.0,False
3015,-200.0,False
3016,-150.0,True
3017,-200.0,False
3018,-152.0,True
3019,-156.0,True
3020,-151.0,True
3021,-200.0,False
3022,-200.0,False
3023,-153.0,True
3024,-154.0,True
3025,-143.0,True
3026,-148.0,True
3027,-151.0,True
3028,-200.0,False
3029,-149.0,True
3030,-200.0,False
3031,-200.0,False
3032,-159.0,True
3033,-149.0,True
3034,-156.0,True
3035,-200.0,False
3036,-151.0,True
3037,-161.0,True
3038,-153.0,True
3039,-149.0,True
3040,-154.0,True
3041,-148.0,True
3042,-152.0,True
3043,-148.0,True
3044,-153.0,True
3045,-156.0,True
3046,-163.0,True
3047,-159.0,True
3048,-160.0,True
3049,-157.0,True
3050,-153.0,True
3051,-158.0,True
3052,-155.0,True
3053,-151.0,True
3054,-152.0,True
3055,-157.0,True
3056,-149.0,True
3057,-150.0,True
3058,-152.0,True
3059,-154.0,True
3060,-145.0,True
3061,-155.0,True
3062,-150.0,True
3063,-148.0,True
3064,-150.0,True
3065,-149.0,True
3066,-157.0,True
3067,-157.0,True
3068,-155.0,True
3069,-153.0,True
3070,-160.0,True
3071,-167.0,True
3072,-165.0,True
3073,-165.0,True
3074,-164.0,True
3075,-167.0,True
3076,-164.0,True
3077,-162.0,True
3078,-151.0,True
3079,-169.0,True
3080,-152.0,True
3081,-152.0,True
3082,-160.0,True
3083,-160.0,True
3084,-167.0,True
3085,-165.0,True
3086,-150.0,True
3087,-159.0,True
3088,-161.0,True
3089,-158.0,True
3090,-165.0,True
3091,-174.0,True
3092,-160.0,True
3093,-168.0,True
3094,-150.0,True
3095,-163.0,True
3096,-166.0,True
3097,-148.0,True
3098,-146.0,True
3099,-163.0,True
3100,-155.0,True
3101,-161.0,True
3102,-153.0,True
3103,-148.0,True
3104,-163.0,True
3105,-165.0,True
3106,-161.0,True
3107,-156.0,True
3108,-172.0,True
3109,-149.0,True
3110,-159.0,True
3111,-165.0,True
3112,-157.0,True
3113,-161.0,True
3114,-159.0,True
3115,-159.0,True
3116,-160.0,True
3117,-158.0,True
3118,-160.0,True
3119,-161.0,True
3120,-156.0,True
3121,-165.0,True
3122,-148.0,True
3123,-153.0,True
3124,-164.0,True
3125,-155.0,True
3126,-161.0,True
3127,-161.0,True
3128,-162.0,True
3129,-158.0,True
3130,-153.0,True
3131,-164.0,True
3132,-151.0,True
3133,-154.0,True
3134,-168.0,True
3135,-171.0,True
3136,-156.0,True
3137,-155.0,True
3138,-169.0,True
3139,-171.0,True
3140,-153.0,True
3141,-164.0,True
3142,-155.0,True
3143,-171.0,True
3144,-168.0,True
3145,-158.0,True
3146,-157.0,True
3147,-154.0,True
3148,-164.0,True
3149,-162.0,True
3150,-154.0,True
3151,-155.0,True
3152,-152.0,True
3153,-162.0,True
3154,-154.0,True
3155,-154.0,True
3156,-164.0,True
3157,-157.0,True
3158,-162.0,True
3159,-157.0,True
3160,-160.0,True
3161,-163.0,True
3162,-153.0,True
3163,-154.0,True
3164,-153.0,True
3165,-165.0,True
3166,-162.0,True
3167,-167.0,True
3168,-168.0,True
3169,-157.0,True
3170,-156.0,True
3171,-168.0,True
3172,-165.0,True
3173,-151.0,True
3174,-158.0,True
3175,-166.0,True
3176,-159.0,True
3177,-160.0,True
3178,-152.0,True
3179,-163.0,True
3180,-163.0,True
3181,-151.0,True
3182,-165.0,True
3183,-163.0,True
3184,-159.0,True
3185,-158.0,True
3186,-158.0,True
3187,-150.0,True
3188,-157.0,True
3189,-158.0,True
3190,-168.0,True
3191,-169.0,True
3192,-165.0,True
3193,-168.0,True
3194,-162.0,True
3195,-161.0,True
3196,-153.0,True
3197,-163.0,True
3198,-161.0,True
3199,-166.0,True
3200,-171.0,True
3201,-173.0,True
3202,-154.0,True
3203,-159.0,True
3204,-172.0,True
3205,-163.0,True
3206,-160.0,True
3207,-161.0,True
3208,-158.0,True
3209,-147.0,True
3210,-152.0,True
3211,-152.0,True
3212,-152.0,True
3213,-158.0,True
3214,-152.0,True
3215,-153.0,True
3216,-159.0,True
3217,-150.0,True
3218,-160.0,True
3219,-151.0,True
3220,-157.0,True
3221,-157.0,True
3222,-154.0,True
3223,-154.0,True
3224,-156.0,True
3225,-152.0,True
3226,-161.0,True
3227,-160.0,True
3228,-156.0,True
3229,-152.0,True
3230,-154.0,True
3231,-158.0,True
3232,-200.0,False
3233,-153.0,True
3234,-157.0,True
3235,-154.0,True
3236,-157.0,True
3237,-163.0,True
3238,-160.0,True
3239,-154.0,True
3240,-157.0,True
3241,-158.0,True
3242,-160.0,True
3243,-151.0,True
3244,-159.0,True
3245,-164.0,True
3246,-153.0,True
3247,-161.0,True
3248,-162.0,True
3249,-149.0,True
3250,-152.0,True
3251,-157.0,True
3252,-153.0,True
3253,-145.0,True
3254,-159.0,True
3255,-157.0,True
3256,-151.0,True
3257,-155.0,True
3258,-163.0,True
3259,-159.0,True
3260,-153.0,True
3261,-154.0,True
3262,-156.0,True
3263,-146.0,True
3264,-155.0,True
3265,-157.0,True
3266,-152.0,True
3267,-150.0,True
3268,-152.0,True
3269,-150.0,True
3270,-158.0,True
3271,-162.0,True
3272,-153.0,True
3273,-151.0,True
3274,-160.0,True
3275,-153.0,True
3276,-153.0,True
3277,-155.0,True
3278,-159.0,True
3279,-153.0,True
3280,-157.0,True
3281,-151.0,True
3282,-149.0,True
3283,-152.0,True
3284,-150.0,True
3285,-150.0,True
3286,-157.0,True
3287,-160.0,True
3288,-158.0,True
3289,-157.0,True
3290,-156.0,True
3291,-158.0,True
3292,-151.0,True
3293,-152.0,True
3294,-151.0,True
3295,-150.0,True
3296,-153.0,True
3297,-151.0,True
3298,-157.0,True
3299,-154.0,True
3300,-155.0,True
3301,-150.0,True
3302,-143.0,True
3303,-143.0,True
3304,-139.0,True
3305,-136.0,True
3306,-148.0,True
3307,-152.0,True
3308,-141.0,True
3309,-155.0,True
3310,-146.0,True
3311,-156.0,True
3312,-141.0,True
3313,-142.0,True
3314,-152.0,True
3315,-141.0,True
3316,-150.0,True
3317,-147.0,True
3318,-149.0,True
3319,-152.0,True
3320,-200.0,False
3321,-145.0,True
3322,-143.0,True
3323,-143.0,True
3324,-155.0,True
3325,-151.0,True
3326,-157.0,True
3327,-158.0,True
3328,-140.0,True
3329,-154.0,True
3330,-153.0,True
3331,-159.0,True
3332,-165.0,True
3333,-161.0,True
3334,-150.0,True
3335,-200.0,False
3336,-148.0,True
3337,-154.0,True
3338,-153.0,True
3339,-161.0,True
3340,-151.0,True
3341,-160.0,True
3342,-160.0,True
3343,-153.0,True
3344,-155.0,True
3345,-200.0,False
3346,-155.0,True
3347,-200.0,False
3348,-153.0,True
3349,-200.0,False
3350,-175.0,True
3351,-149.0,True
3352,-200.0,False
3353,-146.0,True
3354,-159.0,True
3355,-200.0,False
3356,-161.0,True
3357,-159.0,True
3358,-200.0,False
3359,-146.0,True
3360,-168.0,True
3361,-163.0,True
3362,-153.0,True
3363,-159.0,True
3364,-157.0,True
3365,-200.0,False
3366,-200.0,False
3367,-168.0,True
3368,-157.0,True
3369,-200.0,False
3370,-162.0,True
3371,-200.0,False
3372,-152.0,True
3373,-166.0,True
3374,-200.0,False
3375,-154.0,True
3376,-200.0,False
3377,-200.0,False
3378,-200.0,False
3379,-200.0,False
3380,-200.0,False
3381,-158.0,True
3382,-200.0,False
3383,-200.0,False
3384,-200.0,False
3385,-200.0,False
3386,-200.0,False
3387,-200.0,False
3388,-200.0,False
3389,-200.0,False
3390,-200.0,False
3391,-200.0,False
3392,-200.0,False
3393,-200.0,False
3394,-200.0,False
3395,-200.0,False
3396,-200.0,False
3397,-159.0,True
3398,-148.0,True
3399,-152.0,True
3400,-169.0,True
3401,-165.0,True
3402,-200.0,False
3403,-200.0,False
3404,-200.0,False
3405,-200.0,False
3406,-171.0,True
3407,-200.0,False
3408,-200.0,False
3409,-200.0,False
3410,-161.0,True
3411,-200.0,False
3412,-200.0,False
3413,-200.0,False
3414,-200.0,False
3415,-200.0,False
3416,-200.0,False
3417,-161.0,True
3418,-160.0,True
3419,-153.0,True
3420,-148.0,True
3421,-153.0,True
3422,-155.0,True
3423,-148.0,True
3424,-200.0,False
3425,-200.0,False
3426,-126.0,True
3427,-152.0,True
3428,-155.0,True
3429,-192.0,True
3430,-189.0,True
3431,-194.0,True
3432,-200.0,False
3433,-147.0,True
3434,-200.0,False
3435,-146.0,True
3436,-157.0,True
3437,-146.0,True
3438,-156.0,True
3439,-151.0,True
3440,-150.0,True
3441,-151.0,True
3442,-134.0,True
3443,-152.0,True
3444,-151.0,True
3445,-152.0,True
3446,-196.0,True
3447,-154.0,True
3448,-147.0,True
3449,-149.0,True
3450,-151.0,True
3451,-151.0,True
3452,-144.0,True
3453,-151.0,True
3454,-140.0,True
3455,-149.0,True
3456,-151.0,True
3457,-145.0,True
3458,-140.0,True
3459,-152.0,True
3460,-189.0,True
3461,-200.0,False
3462,-150.0,True
3463,-155.0,True
3464,-179.0,True
3465,-140.0,True
3466,-189.0,True
3467,-180.0,True
3468,-147.0,True
3469,-178.0,True
3470,-148.0,True
3471,-148.0,True
3472,-200.0,False
3473,-159.0,True
3474,-141.0,True
3475,-145.0,True
3476,-200.0,False
3477,-142.0,True
3478,-145.0,True
3479,-200.0,False
3480,-144.0,True
3481,-142.0,True
3482,-144.0,True
3483,-200.0,False
3484,-148.0,True
3485,-142.0,True
3486,-200.0,False
3487,-200.0,False
3488,-144.0,True
3489,-138.0,True
3490,-146.0,True
3491,-200.0,False
3492,-200.0,False
3493,-141.0,True
3494,-200.0,False
3495,-145.0,True
3496,-143.0,True
3497,-140.0,True
3498,-200.0,False
3499,-200.0,False
3500,-200.0,False
3501,-200.0,False
3502,-141.0,True
3503,-140.0,True
3504,-200.0,False
3505,-144.0,True
3506,-200.0,False
3507,-200.0,False
3508,-200.0,False
3509,-141.0,True
3510,-200.0,False
3511,-139.0,True
3512,-190.0,True
3513,-181.0,True
3514,-178.0,True
3515,-149.0,True
3516,-185.0,True
3517,-148.0,True
3518,-147.0,True
3519,-146.0,True
3520,-147.0,True
3521,-200.0,False
3522,-200.0,False
3523,-200.0,False
3524,-200.0,False
3525,-200.0,False
3526,-200.0,False
3527,-200.0,False
3528,-146.0,True
3529,-142.0,True
3530,-147.0,True
3531,-200.0,False
3532,-150.0,True
3533,-149.0,True
3534,-190.0,True
3535,-200.0,False
3536,-155.0,True
3537,-148.0,True
3538,-147.0,True
3539,-152.0,True
3540,-185.0,True
3541,-149.0,True
3542,-200.0,False
3543,-145.0,True
3544,-145.0,True
3545,-153.0,True
3546,-146.0,True
3547,-144.0,True
3548,-148.0,True
3549,-152.0,True
3550,-154.0,True
3551,-144.0,True
3552,-144.0,True
3553,-147.0,True
3554,-145.0,True
3555,-144.0,True
3556,-151.0,True
3557,-146.0,True
3558,-144.0,True
3559,-154.0,True
3560,-145.0,True
3561,-144.0,True
3562,-147.0,True
3563,-149.0,True
3564,-151.0,True
3565,-145.0,True
3566,-146.0,True
3567,-146.0,True
3568,-143.0,True
3569,-151.0,True
3570,-151.0,True
3571,-144.0,True
3572,-154.0,True
3573,-148.0,True
3574,-146.0,True
3575,-200.0,False
3576,-183.0,True
3577,-149.0,True
3578,-182.0,True
3579,-188.0,True
3580,-147.0,True
3581,-155.0,True
3582,-140.0,True
3583,-152.0,True
3584,-143.0,True
3585,-142.0,True
3586,-150.0,True
3587,-151.0,True
3588,-150.0,True
3589,-152.0,True
3590,-155.0,True
3591,-147.0,True
3592,-146.0,True
3593,-156.0,True
3594,-148.0,True
3595,-142.0,True
3596,-146.0,True
3597,-143.0,True
3598,-158.0,True
3599,-144.0,True
3600,-144.0,True
3601,-154.0,True
3602,-146.0,True
3603,-144.0,True
3604,-143.0,True
3605,-146.0,True
3606,-146.0,True
3607,-146.0,True
3608,-146.0,True
3609,-141.0,True
3610,-146.0,True
3611,-144.0,True
3612,-145.0,True
3613,-140.0,True
3614,-200.0,False
3615,-149.0,True
3616,-135.0,True
3617,-135.0,True
3618,-134.0,True
3619,-142.0,True
3620,-150.0,True
3621,-152.0,True
3622,-145.0,True
3623,-145.0,True
3624,-149.0,True
3625,-143.0,True
3626,-139.0,True
3627,-181.0,True
3628,-137.0,True
3629,-142.0,True
3630,-149.0,True
3631,-142.0,True
3632,-150.0,True
3633,-156.0,True
3634,-146.0,True
3635,-156.0,True
3636,-140.0,True
3637,-200.0,False
3638,-151.0,True
3639,-200.0,False
3640,-142.0,True
3641,-144.0,True
3642,-153.0,True
3643,-149.0,True
3644,-146.0,True
3645,-154.0,True
3646,-145.0,True
3647,-142.0,True
3648,-148.0,True
3649,-143.0,True
3650,-143.0,True
3651,-149.0,True
3652,-148.0,True
3653,-144.0,True
3654,-139.0,True
3655,-160.0,True
3656,-136.0,True
3657,-147.0,True
3658,-200.0,False
3659,-200.0,False
3660,-200.0,False
3661,-146.0,True
3662,-145.0,True
3663,-150.0,True
3664,-157.0,True
3665,-200.0,False
3666,-155.0,True
3667,-157.0,True
3668,-166.0,True
3669,-161.0,True
3670,-166.0,True
3671,-169.0,True
3672,-200.0,False
3673,-200.0,False
3674,-152.0,True
3675,-161.0,True
3676,-154.0,True
3677,-200.0,False
3678,-156.0,True
3679,-154.0,True
3680,-162.0,True
3681,-200.0,False
3682,-200.0,False
3683,-169.0,True
3684,-200.0,False
3685,-169.0,True
3686,-164.0,True
3687,-154.0,True
3688,-165.0,True
3689,-168.0,True
3690,-170.0,True
3691,-157.0,True
3692,-155.0,True
3693,-153.0,True
3694,-200.0,False
3695,-173.0,True
3696,-200.0,False
3697,-154.0,True
3698,-162.0,True
3699,-163.0,True
3700,-161.0,True
3701,-165.0,True
3702,-165.0,True
3703,-154.0,True
3704,-153.0,True
3705,-153.0,True
3706,-163.0,True
3707,-165.0,True
3708,-165.0,True
3709,-172.0,True
3710,-167.0,True
3711,-163.0,True
3712,-172.0,True
3713,-166.0,True
3714,-164.0,True
3715,-156.0,True
3716,-164.0,True
3717,-160.0,True
3718,-154.0,True
3719,-152.0,True
3720,-160.0,True
3721,-175.0,True
3722,-152.0,True
3723,-159.0,True
3724,-168.0,True
3725,-158.0,True
3726,-139.0,True
3727,-162.0,True
3728,-150.0,True
3729,-160.0,True
3730,-200.0,False
3731,-164.0,True
3732,-146.0,True
3733,-156.0,True
3734,-160.0,True
3735,-160.0,True
3736,-158.0,True
3737,-157.0,True
3738,-154.0,True
3739,-151.0,True
3740,-157.0,True
3741,-162.0,True
3742,-164.0,True
3743,-157.0,True
3744,-142.0,True
3745,-145.0,True
3746,-154.0,True
3747,-172.0,True
3748,-159.0,True
3749,-146.0,True
3750,-172.0,True
3751,-155.0,True
3752,-173.0,True
3753,-176.0,True
3754,-151.0,True
3755,-149.0,True
3756,-157.0,True
3757,-156.0,True
3758,-165.0,True
3759,-158.0,True
3760,-147.0,True
3761,-152.0,True
3762,-146.0,True
3763,-146.0,True
3764,-153.0,True
3765,-170.0,True
3766,-163.0,True
3767,-155.0,True
3768,-154.0,True
3769,-165.0,True
3770,-152.0,True
3771,-163.0,True
3772,-148.0,True
3773,-150.0,True
3774,-153.0,True
3775,-154.0,True
3776,-146.0,True
3777,-164.0,True
3778,-147.0,True
3779,-151.0,True
3780,-146.0,True
3781,-146.0,True
3782,-200.0,False
3783,-155.0,True
3784,-146.0,True
3785,-200.0,False
3786,-152.0,True
3787,-156.0,True
3788,-200.0,False
3789,-163.0,True
3790,-162.0,True
3791,-176.0,True
3792,-200.0,False
3793,-158.0,True
3794,-160.0,True
3795,-157.0,True
3796,-173.0,True
3797,-149.0,True
3798,-170.0,True
3799,-200.0,False
3800,-172.0,True
3801,-151.0,True
3802,-162.0,True
3803,-154.0,True
3804,-154.0,True
3805,-155.0,True
3806,-160.0,True
3807,-161.0,True
3808,-153.0,True
3809,-157.0,True
3810,-155.0,True
3811,-163.0,True
3812,-166.0,True
3813,-163.0,True
3814,-166.0,True
3815,-153.0,True
3816,-173.0,True
3817,-157.0,True
3818,-150.0,True
3819,-154.0,True
3820,-165.0,True
3821,-152.0,True
3822,-155.0,True
3823,-155.0,True
3824,-154.0,True
3825,-200.0,False
3826,-200.0,False
3827,-148.0,True
3828,-200.0,False
3829,-154.0,True
3830,-156.0,True
3831,-200.0,False
3832,-200.0,False
3833,-200.0,False
3834,-153.0,True
3835,-200.0,False
3836,-148.0,True
3837,-151.0,True
3838,-155.0,True
3839,-200.0,False
3840,-154.0,True
3841,-142.0,True
3842,-148.0,True
3843,-200.0,False
3844,-200.0,False
3845,-146.0,True
3846,-153.0,True
3847,-153.0,True
3848,-156.0,True
3849,-200.0,False
3850,-145.0,True
3851,-150.0,True
3852,-200.0,False
3853,-150.0,True
3854,-200.0,False
3855,-152.0,True
3856,-160.0,True
3857,-152.0,True
3858,-200.0,False
3859,-200.0,False
3860,-153.0,True
3861,-149.0,True
3862,-152.0,True
3863,-200.0,False
3864,-200.0,False
3865,-159.0,True
3866,-146.0,True
3867,-200.0,False
3868,-200.0,False
3869,-156.0,True
3870,-154.0,True
3871,-200.0,False
3872,-200.0,False
3873,-200.0,False
3874,-200.0,False
3875,-151.0,True
3876,-200.0,False
3877,-149.0,True
3878,-144.0,True
3879,-149.0,True
3880,-145.0,True
3881,-138.0,True
3882,-151.0,True
3883,-150.0,True
3884,-146.0,True
3885,-143.0,True
3886,-142.0,True
3887,-140.0,True
3888,-136.0,True
3889,-143.0,True
3890,-138.0,True
3891,-142.0,True
3892,-138.0,True
3893,-150.0,True
3894,-140.0,True
3895,-141.0,True
3896,-140.0,True
3897,-135.0,True
3898,-141.0,True
3899,-140.0,True
3900,-156.0,True
3901,-137.0,True
3902,-146.0,True
3903,-138.0,True
3904,-136.0,True
3905,-153.0,True
3906,-151.0,True
3907,-135.0,True
3908,-143.0,True
3909,-144.0,True
3910,-145.0,True
3911,-138.0,True
3912,-144.0,True
3913,-136.0,True
3914,-150.0,True
3915,-146.0,True
3916,-140.0,True
3917,-141.0,True
3918,-140.0,True
3919,-140.0,True
3920,-138.0,True
3921,-152.0,True
3922,-146.0,True
3923,-139.0,True
3924,-144.0,True
3925,-139.0,True
3926,-139.0,True
3927,-155.0,True
3928,-138.0,True
3929,-139.0,True
3930,-140.0,True
3931,-154.0,True
3932,-137.0,True
3933,-136.0,True
3934,-140.0,True
3935,-150.0,True
3936,-140.0,True
3937,-140.0,True
3938,-138.0,True
3939,-137.0,True
3940,-152.0,True
3941,-143.0,True
3942,-152.0,True
3943,-140.0,True
3944,-150.0,True
3945,-151.0,True
3946,-151.0,True
3947,-138.0,True
3948,-138.0,True
3949,-138.0,True
3950,-150.0,True
3951,-141.0,True
3952,-139.0,True
3953,-149.0,True
3954,-135.0,True
3955,-138.0,True
3956,-139.0,True
3957,-141.0,True
3958,-149.0,True
3959,-139.0,True
3960,-136.0,True
3961,-137.0,True
3962,-141.0,True
3963,-140.0,True
3964,-140.0,True
3965,-139.0,True
3966,-138.0,True
3967,-142.0,True
3968,-139.0,True
3969,-155.0,True
3970,-139.0,True
3971,-139.0,True
3972,-136.0,True
3973,-135.0,True
3974,-139.0,True
3975,-136.0,True
3976,-146.0,True
3977,-155.0,True
3978,-136.0,True
3979,-140.0,True
3980,-153.0,True
3981,-153.0,True
3982,-134.0,True
3983,-134.0,True
3984,-155.0,True
3985,-147.0,True
3986,-148.0,True
3987,-151.0,True
3988,-135.0,True
3989,-136.0,True
3990,-156.0,True
3991,-135.0,True
3992,-136.0,True
3993,-133.0,True
3994,-133.0,True
3995,-136.0,True
3996,-135.0,True
3997,-141.0,True
3998,-148.0,True
3999,-149.0,True
4000,-151.0,True
4001,-138.0,True
4002,-145.0,True
4003,-139.0,True
4004,-133.0,True
4005,-137.0,True
4006,-137.0,True
4007,-142.0,True
4008,-137.0,True
4009,-139.0,True
4010,-153.0,True
4011,-136.0,True
4012,-154.0,True
4013,-157.0,True
4014,-150.0,True
4015,-139.0,True
4016,-148.0,True
4017,-155.0,True
4018,-135.0,True
4019,-139.0,True
4020,-137.0,True
4021,-133.0,True
4022,-133.0,True
4023,-138.0,True
4024,-137.0,True
4025,-140.0,True
4026,-149.0,True
4027,-153.0,True
4028,-134.0,True
4029,-145.0,True
4030,-136.0,True
4031,-138.0,True
4032,-137.0,True
4033,-137.0,True
4034,-138.0,True
4035,-151.0,True
4036,-149.0,True
4037,-136.0,True
4038,-153.0,True
4039,-134.0,True
4040,-149.0,True
4041,-147.0,True
4042,-142.0,True
4043,-131.0,True
4044,-134.0,True
4045,-132.0,True
4046,-139.0,True
4047,-136.0,True
4048,-153.0,True
4049,-132.0,True
4050,-132.0,True
4051,-153.0,True
4052,-132.0,True
4053,-135.0,True
4054,-143.0,True
4055,-134.0,True
4056,-137.0,True
4057,-131.0,True
4058,-133.0,True
4059,-135.0,True
4060,-133.0,True
4061,-137.0,True
4062,-134.0,True
4063,-154.0,True
4064,-132.0,True
4065,-150.0,True
4066,-134.0,True
4067,-143.0,True
4068,-135.0,True
4069,-131.0,True
4070,-155.0,True
4071,-131.0,True
4072,-135.0,True
4073,-154.0,True
4074,-134.0,True
4075,-140.0,True
4076,-134.0,True
4077,-131.0,True
4078,-155.0,True
4079,-132.0,True
4080,-135.0,True
4081,-153.0,True
4082,-151.0,True
4083,-171.0,True
4084,-151.0,True
4085,-145.0,True
4086,-144.0,True
4087,-132.0,True
4088,-148.0,True
4089,-145.0,True
4090,-154.0,True
4091,-137.0,True
4092,-149.0,True
4093,-152.0,True
4094,-132.0,True
4095,-137.0,True
4096,-133.0,True
4097,-151.0,True
4098,-131.0,True
4099,-131.0,True
4100,-133.0,True
4101,-133.0,True
4102,-136.0,True
4103,-135.0,True
4104,-148.0,True
4105,-135.0,True
4106,-132.0,True
4107,-147.0,True
4108,-152.0,True
4109,-148.0,True
4110,-137.0,True
4111,-130.0,True
4112,-150.0,True
4113,-133.0,True
4114,-132.0,True
4115,-137.0,True
4116,-132.0,True
4117,-131.0,True
4118,-131.0,True
4119,-133.0,True
4120,-137.0,True
4121,-134.0,True
4122,-139.0,True
4123,-136.0,True
4124,-131.0,True
4125,-154.0,True
4126,-153.0,True
4127,-150.0,True
4128,-132.0,True
4129,-131.0,True
4130,-137.0,True
4131,-151.0,True
4132,-131.0,True
4133,-135.0,True
4134,-151.0,True
4135,-152.0,True
4136,-136.0,True
4137,-133.0,True
4138,-133.0,True
4139,-149.0,True
4140,-146.0,True
4141,-147.0,True
4142,-133.0,True
4143,-132.0,True
4144,-148.0,True
4145,-147.0,True
4146,-136.0,True
4147,-136.0,True
4148,-152.0,True
4149,-132.0,True
4150,-136.0,True
4151,-150.0,True
4152,-131.0,True
4153,-138.0,True
4154,-156.0,True
4155,-132.0,True
4156,-133.0,True
4157,-148.0,True
4158,-137.0,True
4159,-145.0,True
4160,-138.0,True
4161,-151.0,True
4162,-148.0,True
4163,-134.0,True
4164,-132.0,True
4165,-138.0,True
4166,-155.0,True
4167,-134.0,True
4168,-136.0,True
4169,-134.0,True
4170,-138.0,True
4171,-134.0,True
4172,-145.0,True
4173,-144.0,True
4174,-133.0,True
4175,-136.0,True
4176,-148.0,True
4177,-132.0,True
4178,-132.0,True
4179,-137.0,True
4180,-132.0,True
4181,-142.0,True
4182,-132.0,True
4183,-135.0,True
4184,-145.0,True
4185,-133.0,True
4186,-132.0,True
4187,-131.0,True
4188,-134.0,True
4189,-137.0,True
4190,-130.0,True
4191,-132.0,True
4192,-131.0,True
4193,-141.0,True
4194,-137.0,True
4195,-133.0,True
4196,-139.0,True
4197,-131.0,True
4198,-151.0,True
4199,-135.0,True
4200,-134.0,True
4201,-135.0,True
4202,-132.0,True
4203,-136.0,True
4204,-132.0,True
4205,-135.0,True
4206,-135.0,True
4207,-143.0,True
4208,-135.0,True
4209,-138.0,True
4210,-140.0,True
4211,-138.0,True
4212,-136.0,True
4213,-135.0,True
4214,-131.0,True
4215,-136.0,True
4216,-131.0,True
4217,-148.0,True
4218,-132.0,True
4219,-139.0,True
4220,-138.0,True
4221,-131.0,True
4222,-134.0,True
4223,-135.0,True
4224,-136.0,True
4225,-133.0,True
4226,-137.0,True
4227,-134.0,True
4228,-134.0,True
4229,-131.0,True
4230,-132.0,True
4231,-132.0,True
4232,-132.0,True
4233,-135.0,True
4234,-133.0,True
4235,-131.0,True
4236,-132.0,True
4237,-137.0,True
4238,-129.0,True
4239,-139.0,True
4240,-134.0,True
4241,-134.0,True
4242,-138.0,True
4243,-135.0,True
4244,-133.0,True
4245,-139.0,True
4246,-135.0,True
4247,-136.0,True
4248,-133.0,True
4249,-131.0,True
4250,-141.0,True
4251,-141.0,True
4252,-137.0,True
4253,-143.0,True
4254,-137.0,True
4255,-138.0,True
4256,-135.0,True
4257,-137.0,True
4258,-134.0,True
4259,-137.0,True
4260,-140.0,True
4261,-137.0,True
4262,-137.0,True
4263,-148.0,True
4264,-140.0,True
4265,-200.0,False
4266,-146.0,True
4267,-145.0,True
4268,-145.0,True
4269,-140.0,True
4270,-144.0,True
4271,-145.0,True
4272,-142.0,True
4273,-148.0,True
4274,-151.0,True
4275,-144.0,True
4276,-148.0,True
4277,-148.0,True
4278,-144.0,True
4279,-149.0,True
4280,-141.0,True
4281,-157.0,True
4282,-148.0,True
4283,-152.0,True
4284,-155.0,True
4285,-160.0,True
4286,-137.0,True
4287,-155.0,True
4288,-156.0,True
4289,-137.0,True
4290,-134.0,True
4291,-145.0,True
4292,-138.0,True
4293,-143.0,True
4294,-144.0,True
4295,-152.0,True
4296,-144.0,True
4297,-146.0,True
4298,-145.0,True
4299,-149.0,True
4300,-145.0,True
4301,-144.0,True
4302,-147.0,True
4303,-136.0,True
4304,-146.0,True
4305,-200.0,False
4306,-148.0,True
4307,-118.0,True
4308,-146.0,True
4309,-118.0,True
4310,-143.0,True
4311,-149.0,True
4312,-142.0,True
4313,-117.0,True
4314,-148.0,True
4315,-146.0,True
4316,-144.0,True
4317,-121.0,True
4318,-200.0,False
4319,-197.0,True
4320,-120.0,True
4321,-185.0,True
4322,-200.0,False
4323,-200.0,False
4324,-180.0,True
4325,-200.0,False
4326,-200.0,False
4327,-200.0,False
4328,-192.0,True
4329,-194.0,True
4330,-200.0,False
4331,-185.0,True
4332,-117.0,True
4333,-146.0,True
4334,-186.0,True
4335,-200.0,False
4336,-200.0,False
4337,-200.0,False
4338,-143.0,True
4339,-188.0,True
4340,-200.0,False
4341,-183.0,True
4342,-200.0,False
4343,-200.0,False
4344,-200.0,False
4345,-188.0,True
4346,-143.0,True
4347,-183.0,True
4348,-148.0,True
4349,-144.0,True
4350,-144.0,True
4351,-142.0,True
4352,-195.0,True
4353,-144.0,True
4354,-200.0,False
4355,-149.0,True
4356,-200.0,False
4357,-153.0,True
4358,-175.0,True
4359,-179.0,True
4360,-146.0,True
4361,-200.0,False
4362,-147.0,True
4363,-200.0,False
4364,-147.0,True
4365,-146.0,True
4366,-147.0,True
4367,-200.0,False
4368,-200.0,False
4369,-155.0,True
4370,-200.0,False
4371,-200.0,False
4372,-158.0,True
4373,-150.0,True
4374,-187.0,True
4375,-200.0,False
4376,-153.0,True
4377,-199.0,False
4378,-188.0,True
4379,-200.0,False
4380,-200.0,False
4381,-198.0,True
4382,-147.0,True
4383,-150.0,True
4384,-200.0,False
4385,-200.0,False
4386,-147.0,True
4387,-149.0,True
4388,-146.0,True
4389,-200.0,False
4390,-147.0,True
4391,-200.0,False
4392,-200.0,False
4393,-183.0,True
4394,-151.0,True
4395,-138.0,True
4396,-131.0,True
4397,-145.0,True
4398,-147.0,True
4399,-183.0,True
4400,-200.0,False
4401,-155.0,True
4402,-113.0,True
4403,-200.0,False
4404,-148.0,True
4405,-150.0,True
4406,-148.0,True
4407,-161.0,True
4408,-149.0,True
4409,-149.0,True
4410,-149.0,True
4411,-151.0,True
4412,-183.0,True
4413,-159.0,True
4414,-185.0,True
4415,-152.0,True
4416,-145.0,True
4417,-151.0,True
4418,-154.0,True
4419,-200.0,False
4420,-146.0,True
4421,-146.0,True
4422,-188.0,True
4423,-200.0,False
4424,-146.0,True
4425,-188.0,True
4426,-146.0,True
4427,-142.0,True
4428,-200.0,False
4429,-172.0,True
4430,-148.0,True
4431,-155.0,True
4432,-142.0,True
4433,-143.0,True
4434,-200.0,False
4435,-142.0,True
4436,-147.0,True
4437,-147.0,True
4438,-145.0,True
4439,-200.0,False
4440,-200.0,False
4441,-152.0,True
4442,-200.0,False
4443,-150.0,True
4444,-152.0,True
4445,-150.0,True
4446,-143.0,True
4447,-148.0,True
4448,-151.0,True
4449,-154.0,True
4450,-147.0,True
4451,-139.0,True
4452,-145.0,True
4453,-154.0,True
4454,-148.0,True
4455,-200.0,False
4456,-157.0,True
4457,-145.0,True
4458,-155.0,True
4459,-148.0,True
4460,-200.0,False
4461,-160.0,True
4462,-154.0,True
4463,-148.0,True
4464,-163.0,True
4465,-200.0,False
4466,-158.0,True
4467,-163.0,True
4468,-144.0,True
4469,-146.0,True
4470,-158.0,True
4471,-139.0,True
4472,-149.0,True
4473,-147.0,True
4474,-140.0,True
4475,-149.0,True
4476,-139.0,True
4477,-148.0,True
4478,-143.0,True
4479,-149.0,True
4480,-155.0,True
4481,-138.0,True
4482,-143.0,True
4483,-145.0,True
4484,-147.0,True
4485,-151.0,True
4486,-152.0,True
4487,-145.0,True
4488,-147.0,True
4489,-146.0,True
4490,-159.0,True
4491,-145.0,True
4492,-153.0,True
4493,-147.0,True
4494,-148.0,True
4495,-142.0,True
4496,-148.0,True
4497,-146.0,True
4498,-145.0,True
4499,-138.0,True
4500,-145.0,True
4501,-144.0,True
4502,-146.0,True
4503,-144.0,True
4504,-151.0,True
4505,-140.0,True
4506,-140.0,True
4507,-147.0,True
4508,-143.0,True
4509,-146.0,True
4510,-139.0,True
4511,-143.0,True
4512,-145.0,True
4513,-145.0,True
4514,-151.0,True
4515,-165.0,True
4516,-151.0,True
4517,-148.0,True
4518,-145.0,True
4519,-149.0,True
4520,-146.0,True
4521,-148.0,True
4522,-143.0,True
4523,-143.0,True
4524,-143.0,True
4525,-144.0,True
4526,-143.0,True
4527,-153.0,True
4528,-144.0,True
4529,-144.0,True
4530,-143.0,True
4531,-143.0,True
4532,-146.0,True
4533,-142.0,True
4534,-144.0,True
4535,-138.0,True
4536,-138.0,True
4537,-138.0,True
4538,-136.0,True
4539,-140.0,True
4540,-148.0,True
4541,-145.0,True
4542,-145.0,True
4543,-145.0,True
4544,-139.0,True
4545,-148.0,True
4546,-139.0,True
4547,-134.0,True
4548,-140.0,True
4549,-150.0,True
4550,-133.0,True
4551,-136.0,True
4552,-139.0,True
4553,-134.0,True
4554,-136.0,True
4555,-147.0,True
4556,-136.0,True
4557,-133.0,True
4558,-148.0,True
4559,-140.0,True
4560,-136.0,True
4561,-142.0,True
4562,-140.0,True
4563,-147.0,True
4564,-134.0,True
4565,-136.0,True
4566,-137.0,True
4567,-150.0,True
4568,-141.0,True
4569,-140.0,True
4570,-146.0,True
4571,-149.0,True
4572,-143.0,True
4573,-139.0,True
4574,-139.0,True
4575,-152.0,True
4576,-134.0,True
4577,-136.0,True
4578,-146.0,True
4579,-138.0,True
4580,-143.0,True
4581,-136.0,True
4582,-137.0,True
4583,-145.0,True
4584,-138.0,True
4585,-134.0,True
4586,-135.0,True
4587,-138.0,True
4588,-146.0,True
4589,-144.0,True
4590,-139.0,True
4591,-145.0,True
4592,-138.0,True
4593,-137.0,True
4594,-148.0,True
4595,-154.0,True
4596,-143.0,True
4597,-145.0,True
4598,-141.0,True
4599,-140.0,True
4600,-155.0,True
4601,-139.0,True
4602,-146.0,True
4603,-142.0,True
4604,-155.0,True
4605,-142.0,True
4606,-152.0,True
4607,-139.0,True
4608,-142.0,True
4609,-139.0,True
4610,-142.0,True
4611,-138.0,True
4612,-140.0,True
4613,-145.0,True
4614,-146.0,True
4615,-141.0,True
4616,-155.0,True
4617,-138.0,True
4618,-139.0,True
4619,-142.0,True
4620,-140.0,True
4621,-142.0,True
4622,-142.0,True
4623,-141.0,True
4624,-150.0,True
4625,-143.0,True
4626,-140.0,True
4627,-142.0,True
4628,-142.0,True
4629,-157.0,True
4630,-141.0,True
4631,-140.0,True
4632,-138.0,True
4633,-144.0,True
4634,-148.0,True
4635,-140.0,True
4636,-144.0,True
4637,-141.0,True
4638,-154.0,True
4639,-144.0,True
4640,-143.0,True
4641,-142.0,True
4642,-145.0,True
4643,-142.0,True
4644,-140.0,True
4645,-148.0,True
4646,-136.0,True
4647,-142.0,True
4648,-150.0,True
4649,-146.0,True
4650,-144.0,True
4651,-145.0,True
4652,-143.0,True
4653,-140.0,True
4654,-146.0,True
4655,-138.0,True
4656,-133.0,True
4657,-133.0,True
4658,-135.0,True
4659,-136.0,True
4660,-142.0,True
4661,-146.0,True
4662,-138.0,True
4663,-151.0,True
4664,-137.0,True
4665,-141.0,True
4666,-136.0,True
4667,-140.0,True
4668,-143.0,True
4669,-148.0,True
4670,-138.0,True
4671,-144.0,True
4672,-142.0,True
4673,-151.0,True
4674,-138.0,True
4675,-141.0,True
4676,-139.0,True
4677,-145.0,True
4678,-140.0,True
4679,-145.0,True
4680,-137.0,True
4681,-146.0,True
4682,-141.0,True
4683,-153.0,True
4684,-142.0,True
4685,-143.0,True
4686,-138.0,True
4687,-140.0,True
4688,-139.0,True
4689,-152.0,True
4690,-138.0,True
4691,-140.0,True
4692,-144.0,True
4693,-139.0,True
4694,-143.0,True
4695,-144.0,True
4696,-142.0,True
4697,-140.0,True
4698,-140.0,True
4699,-153.0,True
4700,-139.0,True
4701,-147.0,True
4702,-141.0,True
4703,-149.0,True
4704,-158.0,True
4705,-143.0,True
4706,-140.0,True
4707,-142.0,True
4708,-144.0,True
4709,-148.0,True
4710,-140.0,True
4711,-140.0,True
4712,-139.0,True
4713,-143.0,True
4714,-140.0,True
4715,-144.0,True
4716,-148.0,True
4717,-146.0,True
4718,-144.0,True
4719,-140.0,True
4720,-140.0,True
4721,-141.0,True
4722,-138.0,True
4723,-137.0,True
4724,-142.0,True
4725,-142.0,True
4726,-140.0,True
4727,-138.0,True
4728,-142.0,True
4729,-143.0,True
4730,-142.0,True
4731,-149.0,True
4732,-149.0,True
4733,-151.0,True
4734,-144.0,True
4735,-147.0,True
4736,-200.0,False
4737,-200.0,False
4738,-154.0,True
4739,-150.0,True
4740,-188.0,True
4741,-143.0,True
4742,-153.0,True
4743,-138.0,True
4744,-143.0,True
4745,-166.0,True
4746,-145.0,True
4747,-157.0,True
4748,-154.0,True
4749,-162.0,True
4750,-155.0,True
4751,-154.0,True
4752,-151.0,True
4753,-138.0,True
4754,-162.0,True
4755,-149.0,True
4756,-154.0,True
4757,-158.0,True
4758,-144.0,True
4759,-137.0,True
4760,-153.0,True
4761,-154.0,True
4762,-140.0,True
4763,-151.0,True
4764,-156.0,True
4765,-152.0,True
4766,-152.0,True
4767,-151.0,True
4768,-151.0,True
4769,-149.0,True
4770,-200.0,False
4771,-200.0,False
4772,-200.0,False
4773,-200.0,False
4774,-156.0,True
4775,-165.0,True
4776,-190.0,True
4777,-143.0,True
4778,-145.0,True
4779,-139.0,True
4780,-152.0,True
4781,-140.0,True
4782,-144.0,True
4783,-143.0,True
4784,-144.0,True
4785,-140.0,True
4786,-147.0,True
4787,-150.0,True
4788,-152.0,True
4789,-156.0,True
4790,-155.0,True
4791,-153.0,True
4792,-153.0,True
4793,-145.0,True
4794,-183.0,True
4795,-154.0,True
4796,-145.0,True
4797,-156.0,True
4798,-154.0,True
4799,-152.0,True
4800,-157.0,True
4801,-157.0,True
4802,-156.0,True
4803,-158.0,True
4804,-153.0,True
4805,-155.0,True
4806,-152.0,True
4807,-154.0,True
4808,-152.0,True
4809,-155.0,True
4810,-154.0,True
4811,-158.0,True
4812,-155.0,True
4813,-155.0,True
4814,-154.0,True
4815,-154.0,True
4816,-152.0,True
4817,-158.0,True
4818,-153.0,True
4819,-149.0,True
4820,-156.0,True
4821,-154.0,True
4822,-156.0,True
4823,-151.0,True
4824,-147.0,True
4825,-156.0,True
4826,-150.0,True
4827,-154.0,True
4828,-150.0,True
4829,-154.0,True
4830,-148.0,True
4831,-153.0,True
4832,-155.0,True
4833,-151.0,True
4834,-145.0,True
4835,-142.0,True
4836,-144.0,True
4837,-153.0,True
4838,-153.0,True
4839,-155.0,True
4840,-152.0,True
4841,-154.0,True
4842,-152.0,True
4843,-154.0,True
4844,-147.0,True
4845,-145.0,True
4846,-145.0,True
4847,-154.0,True
4848,-138.0,True
4849,-139.0,True
4850,-142.0,True
4851,-148.0,True
4852,-145.0,True
4853,-139.0,True
4854,-142.0,True
4855,-144.0,True
4856,-139.0,True
4857,-142.0,True
4858,-150.0,True
4859,-138.0,True
4860,-141.0,True
4861,-153.0,True
4862,-138.0,True
4863,-138.0,True
4864,-142.0,True
4865,-144.0,True
4866,-137.0,True
4867,-139.0,True
4868,-141.0,True
4869,-144.0,True
4870,-149.0,True
4871,-140.0,True
4872,-138.0,True
4873,-138.0,True
4874,-144.0,True
4875,-139.0,True
4876,-139.0,True
4877,-141.0,True
4878,-143.0,True
4879,-147.0,True
4880,-147.0,True
4881,-143.0,True
4882,-143.0,True
4883,-144.0,True
4884,-144.0,True
4885,-139.0,True
4886,-142.0,True
4887,-143.0,True
4888,-145.0,True
4889,-146.0,True
4890,-142.0,True
4891,-142.0,True
4892,-156.0,True
4893,-154.0,True
4894,-146.0,True
4895,-145.0,True
4896,-149.0,True
4897,-154.0,True
4898,-144.0,True
4899,-140.0,True
4900,-142.0,True
4901,-145.0,True
4902,-143.0,True
4903,-143.0,True
4904,-149.0,True
4905,-151.0,True
4906,-141.0,True
4907,-139.0,True
4908,-144.0,True
4909,-139.0,True
4910,-141.0,True
4911,-148.0,True
4912,-144.0,True
4913,-143.0,True
4914,-142.0,True
4915,-145.0,True
4916,-143.0,True
4917,-146.0,True
4918,-142.0,True
4919,-139.0,True
4920,-150.0,True
4921,-144.0,True
4922,-145.0,True
4923,-139.0,True
4924,-143.0,True
4925,-144.0,True
4926,-140.0,True
4927,-144.0,True
4928,-150.0,True
4929,-141.0,True
4930,-154.0,True
4931,-157.0,True
4932,-148.0,True
4933,-147.0,True
4934,-146.0,True
4935,-141.0,True
4936,-145.0,True
4937,-145.0,True
4938,-144.0,True
4939,-140.0,True
4940,-142.0,True
4941,-140.0,True
4942,-139.0,True
4943,-148.0,True
4944,-152.0,True
4945,-146.0,True
4946,-156.0,True
4947,-154.0,True
4948,-154.0,True
4949,-160.0,True
4950,-154.0,True
4951,-154.0,True
4952,-155.0,True
4953,-157.0,True
4954,-153.0,True
4955,-149.0,True
4956,-152.0,True
4957,-139.0,True
4958,-141.0,True
4959,-142.0,True
4960,-148.0,True
4961,-142.0,True
4962,-141.0,True
4963,-147.0,True
4964,-143.0,True
4965,-148.0,True
4966,-139.0,True
4967,-145.0,True
4968,-154.0,True
4969,-157.0,True
4970,-142.0,True
4971,-140.0,True
4972,-143.0,True
4973,-139.0,True
4974,-149.0,True
4975,-139.0,True
4976,-142.0,True
4977,-144.0,True
4978,-138.0,True
4979,-142.0,True
4980,-139.0,True
4981,-140.0,True
4982,-144.0,True
4983,-147.0,True
4984,-152.0,True
4985,-145.0,True
4986,-143.0,True
4987,-141.0,True
4988,-139.0,True
4989,-153.0,True
4990,-143.0,True
4991,-143.0,True
4992,-155.0,True
4993,-141.0,True
4994,-142.0,True
4995,-140.0,True
4996,-142.0,True
4997,-149.0,True
4998,-147.0,True
4999,-144.0,True
